text,lang,user-location,place-country,place-country_code,location-coordinates,user-screen_name,created_at,quote_count,reply_count,retweet_count,retweeted,is_retweet,is_quote_status,
@OnHels Also what happened to the 5 Million doses donated to us from India? AND another million from JAMP Pharma (Quebec)? @roccogalatilaw https://t.co/KX7n7s7IOY,en,,,,,creaky7,Sat Oct 31 21:32:11 +0000 2020,0,0,1,False,0,True,
New generic drug approved for JAMP TRAMADOL by JAMP PHARMA CORPORATION #NewNOCAlert #HCApproves,en,,,,,HealthCanadaNOC,Thu Oct 29 04:16:14 +0000 2020,0,0,0,False,0,False,
New generic drug approved for JAMP LAMIVUDINE by JAMP PHARMA CORPORATION #NewNOCAlert #HCApproves,en,,,,,HealthCanadaNOC,Thu Oct 29 04:16:14 +0000 2020,0,0,0,False,0,False,
"@francoislegault Une usine de production d‚Äôhydroxychloroquine....ce serait TR√àS audacieux! 

en passant, il y a d√©j√† JAMP Pharma √† Boucherville...o√π sont pass√©s les doses d‚ÄôHCQ donn√©es?

@GeneviveCaron18 @SteveTighe5 @BrazeauRenee 

https://t.co/kUGWc8WwBS",fr,Canada,,,,Cdn4trump,Sat Oct 24 03:52:43 +0000 2020,0,0,0,False,1,False,
"@francoislegault Une usine de production d‚Äôhydroxychloroquine....ce serait TR√àS audacieux! 

en passant, il y a d√©j√† JAMP Pharma √† Boucherville...o√π sont pass√©s les doses d‚ÄôHCQ donn√©es?

@GeneviveCaron18 @SteveTighe5 @BrazeauRenee 

https://t.co/kUGWc8WwBS",fr,"Montr√©al, Qu√©bec",,,,Patrick66744981,Fri Oct 23 22:42:54 +0000 2020,0,0,0,False,1,False,
"@francoislegault Une usine de production d‚Äôhydroxychloroquine....ce serait TR√àS audacieux! 

en passant, il y a d√©j√† JAMP Pharma √† Boucherville...o√π sont pass√©s les doses d‚ÄôHCQ donn√©es?

@GeneviveCaron18 @SteveTighe5 @BrazeauRenee 

https://t.co/kUGWc8WwBS",fr,,,,,etunesoeur,Fri Oct 23 20:01:59 +0000 2020,0,2,2,False,0,False,
New generic drug approved for JAMP ATOMOXETINE by JAMP PHARMA CORPORATION #NewNOCAlert #HCApproves,en,,,,,HealthCanadaNOC,Fri Oct 23 02:31:47 +0000 2020,0,0,0,False,0,False,
Prucalopride Succinate Market Impact of COVID-19 Outbreak on Business Opportuniti... https://t.co/P6SwFnWXpd https://t.co/OZMkp2prUk,en,"North Carolina, USA",,,,MIRresearch,Wed Oct 21 12:42:04 +0000 2020,0,0,0,False,0,False,
New generic drug approved for JAMP TROSPIUM by JAMP PHARMA CORPORATION #NewNOCAlert #HCApproves,en,,,,,HealthCanadaNOC,Wed Oct 21 03:50:11 +0000 2020,0,0,0,False,0,False,
"@ctvqp @MichelleRempel 8 million doses of Hydroxychloroquine was donated to Canada by PM Modi of India, Apotex, &amp; JAMP Pharma (both Cdn). What has happened to this supply of early treatment for the CCP Virus? Is it languishing in a warehouse somewhere? Is it being used secretly for early treatment?",en,,,,,creaky7,Mon Oct 19 07:55:03 +0000 2020,0,0,0,False,0,False,
There is a current shortage of Oxcarbazepine generic for tablets and liquid produced by Apotex and Jamp Pharma Corporation which likely will last until next year. Novartis (Trileptal) has reported a very short living shortage which should be ended by middle next week.,en,"Edmonton, Alberta",,,,EEdmonton,Tue Sep 29 21:51:34 +0000 2020,0,0,0,False,1,False,
There is a current shortage of Oxcarbazepine generic for tablets and liquid produced by Apotex and Jamp Pharma Corporation which likely will last until next year. Novartis (Trileptal) has reported a very short living shortage which should be ended by middle next week.,en,"Kingston, Ontario",,,,EpilepsyResourc,Tue Sep 29 16:34:46 +0000 2020,0,0,0,False,1,False,
There is a current shortage of Oxcarbazepine generic for tablets and liquid produced by Apotex and Jamp Pharma Corporation which likely will last until next year. Novartis (Trileptal) has reported a very short living shortage which should be ended by middle next week.,en,,,,,MBEpilepsy,Thu Sep 24 18:22:23 +0000 2020,0,0,0,False,1,False,
There is a current shortage of Oxcarbazepine generic for tablets and liquid produced by Apotex and Jamp Pharma Corporation which likely will last until next year. Novartis (Trileptal) has reported a very short living shortage which should be ended by middle next week.,en,Canada,,,,dpfloyd,Thu Sep 24 16:28:02 +0000 2020,0,0,0,False,1,False,
There is a current shortage of Oxcarbazepine generic for tablets and liquid produced by Apotex and Jamp Pharma Corporation which likely will last until next year. Novartis (Trileptal) has reported a very short living shortage which should be ended by middle next week.,en,"Calgary, Alberta",,,,EpilepsyCalgary,Thu Sep 24 15:14:41 +0000 2020,0,0,0,False,1,False,
There is a current shortage of Oxcarbazepine generic for tablets and liquid produced by Apotex and Jamp Pharma Corporation which likely will last until next year. Novartis (Trileptal) has reported a very short living shortage which should be ended by middle next week.,en,"Whitchurch-Stouffville, ON",,,,epilepsyyork,Thu Sep 24 15:13:58 +0000 2020,0,0,0,False,1,False,
There is a current shortage of Oxcarbazepine generic for tablets and liquid produced by Apotex and Jamp Pharma Corporation which likely will last until next year. Novartis (Trileptal) has reported a very short living shortage which should be ended by middle next week.,en,"Durham Region, ON",,,,Epilepsy_Durham,Thu Sep 24 14:49:29 +0000 2020,0,0,0,False,1,False,
There is a current shortage of Oxcarbazepine generic for tablets and liquid produced by Apotex and Jamp Pharma Corporation which likely will last until next year. Novartis (Trileptal) has reported a very short living shortage which should be ended by middle next week.,en,"351 Kenmount Road, St. John's",,,,EpilepsyNL,Thu Sep 24 14:47:52 +0000 2020,0,0,0,False,1,False,
There is a current shortage of Oxcarbazepine generic for tablets and liquid produced by Apotex and Jamp Pharma Corporation which likely will last until next year. Novartis (Trileptal) has reported a very short living shortage which should be ended by middle next week.,en,,,,,EpilepsyOntario,Thu Sep 24 14:42:10 +0000 2020,0,0,0,False,1,False,
There is a current shortage of Oxcarbazepine generic for tablets and liquid produced by Apotex and Jamp Pharma Corporation which likely will last until next year. Novartis (Trileptal) has reported a very short living shortage which should be ended by middle next week.,en,,,,,EpilepsySCO,Thu Sep 24 14:41:59 +0000 2020,0,0,0,False,1,False,
There is a current shortage of Oxcarbazepine generic for tablets and liquid produced by Apotex and Jamp Pharma Corporation which likely will last until next year. Novartis (Trileptal) has reported a very short living shortage which should be ended by middle next week.,en,"SW ON, Canada",,,,EmersonsLifeJou,Thu Sep 24 14:41:44 +0000 2020,0,0,0,False,1,False,
There is a current shortage of Oxcarbazepine generic for tablets and liquid produced by Apotex and Jamp Pharma Corporation which likely will last until next year. Novartis (Trileptal) has reported a very short living shortage which should be ended by middle next week.,en,Canada Wide,,,,ceaofficialnews,Thu Sep 24 14:40:47 +0000 2020,1,0,12,False,0,False,
New generic drug approved for JAMP ALPRAZOLAM by JAMP PHARMA CORPORATION #NewNOCAlert #HCApproves,en,,,,,HealthCanadaNOC,Thu Sep 17 02:32:52 +0000 2020,0,0,0,False,0,False,
New generic drug approved for JAMP ATORVASTATIN CALCIUM by JAMP PHARMA CORPORATION #NewNOCAlert #HCApproves,en,,,,,HealthCanadaNOC,Fri Aug 28 02:19:15 +0000 2020,0,0,0,False,0,False,
New generic drug approved for JAMP TRAZODONE by JAMP PHARMA CORPORATION #NewNOCAlert #HCApproves,en,,,,,HealthCanadaNOC,Wed Aug 26 02:12:55 +0000 2020,0,0,0,False,0,False,
New generic drug approved for JAMP MODAFINIL by JAMP PHARMA CORPORATION #NewNOCAlert #HCApproves,en,,,,,HealthCanadaNOC,Thu Aug 20 03:21:12 +0000 2020,0,0,0,False,0,False,
@dockaurG And what has happened to the 3 million doses Apotex &amp; JAMP Pharma in Canada GAVE to the Cdn govt? Can we use them or are they going to expire &amp; get destroyed? Keep up the battle!,en,Canada,,,,EtPanem,Tue Aug 18 17:19:28 +0000 2020,0,0,0,False,1,False,
@dockaurG And what has happened to the 3 million doses Apotex &amp; JAMP Pharma in Canada GAVE to the Cdn govt? Can we use them or are they going to expire &amp; get destroyed? Keep up the battle!,en,"Mississauga, Ontario",,,,jbg44,Tue Aug 18 00:00:25 +0000 2020,0,0,0,False,1,False,
@dockaurG And what has happened to the 3 million doses Apotex &amp; JAMP Pharma in Canada GAVE to the Cdn govt? Can we use them or are they going to expire &amp; get destroyed? Keep up the battle!,en,"Ontario, Canada",,,,103blinddog,Mon Aug 17 20:38:25 +0000 2020,0,0,0,False,1,False,
@dockaurG And what has happened to the 3 million doses Apotex &amp; JAMP Pharma in Canada GAVE to the Cdn govt? Can we use them or are they going to expire &amp; get destroyed? Keep up the battle!,en,,,,,creaky7,Mon Aug 17 20:28:01 +0000 2020,0,0,3,False,0,False,
@BarbaraRKay Wouldn't it be nice if Canadians who caught the CCP Virus were at least given the option to take the Zelenko HCQ Protocol? You'd have to find a doc ready to take the censure. What happened to the 3 million HCQ doses donated to Canada by Apotex &amp; JAMP Pharma? Being used or wasted?,en,,,,,creaky7,Mon Aug 17 05:07:23 +0000 2020,0,0,0,False,0,False,
New generic drug approved for JAMP ATORVASTATIN TABLETS by JAMP PHARMA CORPORATION #NewNOCAlert #HCApproves,en,,,,,HealthCanadaNOC,Fri Aug 14 02:44:07 +0000 2020,0,0,0,False,0,False,
La soci√©t√© JAMP Pharma de Boucherville fait don d'un million de doses d'hydroxychloroquine (HCQ) √† des h√¥pitaux partout au Canada dans la lutte contre le COVID-19. https://t.co/LsqTXeun7D,fr,Sainte-Lucie-des-Laurentides,,,,FrancoisBulloc1,Sun Aug 02 00:44:34 +0000 2020,0,0,0,False,0,True,
Analyste financier √† Boucherville pour Corporation Jamp Pharma https://t.co/MhKeVlK7bh,fr,Canada,,,,jobWings,Tue Jul 28 16:29:02 +0000 2020,0,0,0,False,0,False,
New generic drug approved for JAMP CALCIUM POLYSTYRENE SULFONATE by JAMP PHARMA CORPORATION #NewNOCAlert #HCApproves,da,,,,,HealthCanadaNOC,Sat Jul 25 02:19:44 +0000 2020,0,0,0,False,0,False,
"New generic drug approved for VANCOMYCIN HYDROCHLORIDE FOR INJECTION, USP by JAMP PHARMA CORPORATION #NewNOCAlert #HCApproves",en,,,,,HealthCanadaNOC,Sat Jul 25 02:19:44 +0000 2020,0,0,0,False,0,False,
"Global Glaucoma Medications Market 2020-2026 | Top key players are Pfizer,Novartis,bausch Lomb,Laboratoire Riva,Jamp‚Ä¶ https://t.co/mnPk0jQfvX &gt;&gt;&gt; https://t.co/HTA6IsoHwv #strategy #competitiveintelligence #marketing #biotech #pharma #productmarketing #healthcare #pharmaceutical",de,Global,,,,LQVentures,Sun Jul 19 14:09:02 +0000 2020,0,0,0,False,1,False,
"Global Glaucoma Medications Market 2020-2026 | Top key players are Pfizer,Novartis,bausch Lomb,Laboratoire Riva,Jamp‚Ä¶ https://t.co/mnPk0jQfvX &gt;&gt;&gt; https://t.co/HTA6IsoHwv #strategy #competitiveintelligence #marketing #biotech #pharma #productmarketing #healthcare #pharmaceutical",de,Global,,,,_timos_,Sun Jul 19 14:08:33 +0000 2020,0,0,1,False,0,False,
New generic drug approved for AZACITIDINE FOR INJECTION by JAMP PHARMA CORPORATION #NewNOCAlert #HCApproves,en,,,,,HealthCanadaNOC,Sat Jul 11 02:28:35 +0000 2020,0,0,0,False,0,False,
"@Project_Veritas Is there something to this??? üá®üá¶received 1 million pills as a DONATION ..US hospitals are for profit, unlike Canada....so is treatment different because of this in the US
https://t.co/LPJBiWo0lb https://t.co/16TJk9tX0r",en,,,,,CallMeBethHere,Wed Jul 01 09:09:12 +0000 2020,0,0,0,False,0,False,
"Global Glaucoma Medications Market 2020 ‚Äì Pfizer, Novartis, bausch Lomb, Laboratoire Riva, Jamp Pharma - Bandera‚Ä¶ https://t.co/SaIrdAzFtp &gt;&gt;&gt; https://t.co/HTA6IsoHwv #strategy #competitiveintelligence #marketing #biotech #pharma #healthcare #pharmaceutical #productmarketing https://t.co/n2qb7waY89",de,Global,,,,LQVentures,Mon Jun 29 06:39:32 +0000 2020,0,0,0,False,1,False,
"Global Glaucoma Medications Market 2020 ‚Äì Pfizer, Novartis, bausch Lomb, Laboratoire Riva, Jamp Pharma - Bandera‚Ä¶ https://t.co/SaIrdAzFtp &gt;&gt;&gt; https://t.co/HTA6IsoHwv #strategy #competitiveintelligence #marketing #biotech #pharma #healthcare #pharmaceutical #productmarketing https://t.co/n2qb7waY89",de,Global,,,,_timos_,Mon Jun 29 06:39:05 +0000 2020,0,0,1,False,0,False,
"Chef marketing - Corporation Jamp Pharma, Boucherville (Mont√©r√©gie) - Isarta: https://t.co/F0r9FRDYqZ",fr,"breew, lausanne",,,,thierryweber,Mon Jun 22 07:05:37 +0000 2020,0,0,0,False,0,False,
"Impact of Covid-19 Global Eye Drug Market (2020 To 2027) | Pfizer, Novartis, bausch Lomb, Laboratoire Riva, Jamp‚Ä¶ https://t.co/30rPeSmxo8 &gt;&gt;&gt; https://t.co/HTA6IsoHwv #strategy #competitiveintelligence #marketing #pharmaceutical #productmarketing #pharma #biotech #healthcare https://t.co/VB9hKoixTO",en,Global,,,,LQVentures,Mon Jun 22 05:43:33 +0000 2020,0,0,0,False,1,False,
"Impact of Covid-19 Global Eye Drug Market (2020 To 2027) | Pfizer, Novartis, bausch Lomb, Laboratoire Riva, Jamp‚Ä¶ https://t.co/30rPeSmxo8 &gt;&gt;&gt; https://t.co/HTA6IsoHwv #strategy #competitiveintelligence #marketing #pharmaceutical #productmarketing #pharma #biotech #healthcare https://t.co/VB9hKoixTO",en,Global,,,,_timos_,Mon Jun 22 05:43:04 +0000 2020,0,0,1,False,0,False,
"Eye Drug Market: Industry In Depth Research, Advancements, Statistics, Facts and Figures 2020-2026 |Pfizer, Novartis,‚Ä¶ https://t.co/z1QCkHomWj &gt;&gt;&gt; https://t.co/HTA6IsoHwv #strategy #competitiveintelligence #marketing #pharmaceutical #biotech #productmarketing #healthcare #pharma",en,Global,,,,LQVentures,Fri Jun 19 21:23:34 +0000 2020,0,0,0,False,1,False,
"Eye Drug Market: Industry In Depth Research, Advancements, Statistics, Facts and Figures 2020-2026 |Pfizer, Novartis,‚Ä¶ https://t.co/z1QCkHomWj &gt;&gt;&gt; https://t.co/HTA6IsoHwv #strategy #competitiveintelligence #marketing #pharmaceutical #biotech #productmarketing #healthcare #pharma",en,Global,,,,_timos_,Fri Jun 19 21:23:04 +0000 2020,0,0,1,False,0,False,
"Eye Drug Market: Industry In Depth Research, Advancements, Statistics, Facts and Figures 2020-2026 |Pfizer, Novartis,‚Ä¶ https://t.co/UexFeUvHXn &gt;&gt;&gt; https://t.co/HTA6IsoHwv #strategy #competitiveintelligence #marketing #productmarketing #healthcare #biotech #pharmaceutical #pharma https://t.co/rBhX0QrO2P",en,Global,,,,LQVentures,Thu Jun 18 18:22:02 +0000 2020,0,0,0,False,1,False,
"Eye Drug Market: Industry In Depth Research, Advancements, Statistics, Facts and Figures 2020-2026 |Pfizer, Novartis,‚Ä¶ https://t.co/UexFeUvHXn &gt;&gt;&gt; https://t.co/HTA6IsoHwv #strategy #competitiveintelligence #marketing #productmarketing #healthcare #biotech #pharmaceutical #pharma https://t.co/rBhX0QrO2P",en,Global,,,,_timos_,Thu Jun 18 18:21:34 +0000 2020,0,0,1,False,0,False,
Chef marketing - Boucherville (Mont√©r√©gie) | Corporation Jamp Pharma https://t.co/Ha0Zlf9Uwd,fr,"Montr√©al, Qu√©bec",,,,Isarta,Wed Jun 17 20:32:02 +0000 2020,0,0,0,False,0,False,
New generic drug approved for JAMP ALENDRONATE SODIUM by JAMP PHARMA CORPORATION #NewNOCAlert #HCApproves,en,,,,,HealthCanadaNOC,Fri Jun 12 02:35:08 +0000 2020,0,0,0,False,0,False,
Jamp Pharma is continuing to add resources to support the health and well being of Canadians.  This is incredible news with companies shifting  and moving resources into different markets across the globe.   We continue to make the health of Canadians our‚Ä¶https://t.co/Vr2zw26iud,en,,,,,hyde_carson,Mon Jun 01 15:45:26 +0000 2020,0,0,0,False,0,False,
New generic drug approved for JAMP BOSENTAN by JAMP PHARMA CORPORATION #NewNOCAlert #HCApproves,en,,,,,HealthCanadaNOC,Thu May 14 03:35:24 +0000 2020,0,0,0,False,0,False,
Directeur- Acc√®s march√© √† Boucherville pour Corporation Jamp Pharma https://t.co/8cqjdWnhhy,fr,Canada,,,,pharmajobca,Mon May 11 22:23:02 +0000 2020,0,0,0,False,0,False,
Directeur- Acc√®s march√© in Boucherville for Jamp Pharma Corporation https://t.co/pu7m8y2k4z,fr,Canada,,,,pharmajobca,Mon May 11 20:00:02 +0000 2020,0,0,0,False,0,False,
Sp√©cialiste Assurance Qualit√© √† Boucherville pour Corporation Jamp Pharma https://t.co/7hFk2y2Iy2,fr,Canada,,,,pharmajobca,Mon May 11 19:06:02 +0000 2020,0,0,0,False,0,False,
Quality insurance specialist in Boucherville for Jamp Pharma Corporation https://t.co/UVJHuLTUwo,en,Canada,,,,pharmajobca,Mon May 11 19:03:32 +0000 2020,0,0,0,False,0,False,
Sp√©cialiste Assurance Qualit√© in Boucherville for Jamp Pharma Corporation https://t.co/xfY6VzUWOv,fr,Canada,,,,pharmajobca,Mon May 11 18:57:01 +0000 2020,0,0,0,False,0,False,
New generic drug approved for JAMP DIGOXIN by JAMP PHARMA CORPORATION #NewNOCAlert #HCApproves,en,,,,,HealthCanadaNOC,Wed May 06 03:05:41 +0000 2020,0,0,0,False,0,False,
https://t.co/I6lRXQ5Wnw,und,,,,,martlarr2,Tue May 05 02:42:12 +0000 2020,0,0,0,False,0,False,
"@GoodVibe2020 @Brodah3 @Alexis_Cossette Il n‚Äôy a jamais eu de p√©nurie de chloroquine HCQ/CQ.
Trois millions de doses donn√©es aux h√¥pitaux canadiens par Jamp Pharma et Apotex.
Pkoi alors au Qu√©bec cette interdiction d‚Äôen prescrire et de traiter le covid avec s‚Äôil n‚Äô avait pas de p√©nurie?
@Alexis_Cossette",fr,Montr√©al ,,,,mumudumdum,Mon May 04 20:42:02 +0000 2020,0,1,0,False,0,False,
New generic drug approved for JAMP VALACYCLOVIR by JAMP PHARMA CORPORATION #NewNOCAlert #HCApproves,en,,,,,HealthCanadaNOC,Wed Apr 29 03:11:29 +0000 2020,0,0,0,False,0,False,
New generic drug approved for JAMP-CANDESARTAN by JAMP PHARMA CORPORATION #NewNOCAlert #HCApproves,en,,,,,HealthCanadaNOC,Wed Apr 22 02:47:55 +0000 2020,0,0,0,False,0,False,
"Global Eye Drug Market Insights 2019-2025 | Pfizer, Novartis, bausch Lomb, Laboratoire Riva, Jamp Pharma - Bandera‚Ä¶ https://t.co/FhBfeQvdc7 &gt;&gt;&gt; https://t.co/HTA6IsoHwv #strategy #competitiveintelligence #marketing #pharma #biotech #pharmaceutical #productmarketing #healthcare https://t.co/LqPQ1rfjN8",de,Global,,,,LQVentures,Tue Apr 21 22:07:02 +0000 2020,0,0,0,False,1,False,
"Global Eye Drug Market Insights 2019-2025 | Pfizer, Novartis, bausch Lomb, Laboratoire Riva, Jamp Pharma - Bandera‚Ä¶ https://t.co/FhBfeQvdc7 &gt;&gt;&gt; https://t.co/HTA6IsoHwv #strategy #competitiveintelligence #marketing #pharma #biotech #pharmaceutical #productmarketing #healthcare https://t.co/LqPQ1rfjN8",de,Global,,,,_timos_,Tue Apr 21 22:06:34 +0000 2020,0,0,1,False,0,False,
Territory Manager- Winnipeg in Winnipeg for Jamp Pharma Corporation,en,Canada,,,,salesrepca,Sat Apr 11 15:56:32 +0000 2020,0,0,0,False,0,False,
New generic drug approved for JAMP FROVATRIPTAN by JAMP PHARMA CORPORATION #NewNOCAlert #HCApproves,en,,,,,HealthCanadaNOC,Fri Apr 10 02:36:19 +0000 2020,0,0,0,False,0,False,
"next is JAMP HYDROXYCHLOROQUINE SULFATE by JAMP PHARMA CORPORATION, same ingredient and milligrams as APO-HYDROXYQUINE (see above)
https://t.co/RxuPDYCY1Y

this one has a detailed rundown of how to detect and prevent retinopathy (loss of eyesight) and carry extreme caution:",en,tiohti√†:ke/montreal,,,,sootynemm,Tue Apr 07 17:45:06 +0000 2020,0,1,0,False,0,False,
Key Account Manager- GTA in Toronto for Jamp Pharma Corporation https://t.co/mZ5koR3dyt,en,Canada,,,,pharmajobca,Tue Apr 07 13:27:01 +0000 2020,0,0,0,False,0,False,
Key account Manager- GTA in Toronto for Jamp Pharma Corporation https://t.co/Xiv72CF2fe,en,Canada,,,,salesrepca,Tue Apr 07 13:12:03 +0000 2020,0,0,0,False,0,False,
Jamp Pharma offre de l‚Äôhydroxychloroquine aux h√¥pitaux #Hydroxychloroquine https://t.co/PrzdJdMKRm https://t.co/e3FGwK7OxA,fr,,,,,24sante_fr,Mon Apr 06 03:50:03 +0000 2020,0,0,0,False,0,False,
@brianlilley @realDonaldTrump @narendramodi Doesn‚Äôt Jamp Pharma in Boucherville Quebec make the medication? It was posted on Global news that they donated I million doses across Canada.,en,,,,,teresa_reza,Mon Apr 06 00:16:47 +0000 2020,0,0,0,False,0,False,
"On ne prescrit pas la chloroquine pcq il n‚Äôy en a pas de disponible??! Alors, cette nouvelle du 23 mars √† TVA et JdeMontr√©al serait un fake news? Toujours sur Google...
‚ÄúLE GROUPE pharmaceutique JAMP PHARMA de BOUCHERVILLE a annonc√© lundi offrir L‚ÄôHYDROXYCHLORIQUINE aux h√¥pitaux. https://t.co/fQiSCwC6Mf",fr,,,,,FrancineBilode4,Fri Apr 03 17:07:55 +0000 2020,0,0,0,False,0,False,
New generic drug approved for JAMP ABACAVIR / LAMIVUDINE by JAMP PHARMA CORPORATION #NewNOCAlert #HCApproves,en,,,,,HealthCanadaNOC,Thu Apr 02 02:01:58 +0000 2020,0,0,0,False,0,False,
G√©rant de territoire - Ontario √† Boucherville pour Corporation Jamp Pharma,fr,Canada,,,,salesrepca,Mon Mar 30 19:34:33 +0000 2020,0,0,0,False,0,False,
G√©rant de territoire - Winnipeg √† Winnipeg pour Corporation Jamp Pharma,fr,Canada,,,,salesrepca,Mon Mar 30 19:34:32 +0000 2020,0,0,0,False,0,False,
G√©rant de territoire - Regina √† Regina pour Corporation Jamp Pharma,fr,Canada,,,,salesrepca,Mon Mar 30 19:34:32 +0000 2020,0,0,0,False,0,False,
https://t.co/5t7w7wRoea,und,Canada,,,,MedKammoun,Sun Mar 29 02:14:14 +0000 2020,0,0,0,False,0,False,
Canadian JAMP Pharma Group Gets Involved - Donating one million doses of hydroxychloroquine to hospitals to help c... https://t.co/WMzHpTcDzi,en,"Ontario, Canada",,,,mhaquesbc,Sat Mar 28 15:01:27 +0000 2020,0,0,0,False,0,False,
Canadian JAMP Pharma Group Gets Involved - Donating one million doses of hydroxychloroquine to hospitals to help combat COVID-19 https://t.co/RAgDGdIc7w,en,"Qu√©bec, Canada",,,,Quebecois2020,Fri Mar 27 13:11:47 +0000 2020,0,0,0,False,0,False,
@WoodyPhD MEDICAL TYRANNY IN CANADA üá®üá¶ ! Medical boards to sanction doctors honoring their hippocratic oath in prescribing best first line meds against Covid19! Supply is the real issue: JAMP Pharma Group Donating one million doses of hydroxychloroquine to hospitals to help combat COVID-19,en,"Qu√©bec, Canada",,,,Quebecois2020,Fri Mar 27 13:10:36 +0000 2020,0,0,0,False,0,False,
"This is what happens when your country needs a drug quickly &amp; the Pharma Manufacturers are located IN YOUR COUNTRY #Congress @POTUS 

Boucherville-based JAMP Pharma is donating one million doses of hydroxychloroquine (HCQ) to hospitals across Canada in the fight against COVID-19.",en,"USA, Under the Constitution",,,,FixUSANow,Thu Mar 26 00:28:13 +0000 2020,0,0,0,False,0,False,
New generic drug approved for JAMP CANDESARTAN-HCT by JAMP PHARMA CORPORATION #NewNOCAlert #HCApproves,en,,,,,HealthCanadaNOC,Wed Mar 25 02:11:48 +0000 2020,0,0,0,False,0,False,
"@TheEagleDares The americans pharma don't want to develop a vaccine without getting $$$ in exchange, while you saw it with JAMP pharma in Boucherville and others around the world...  they put people before profit $$$, not our neighbours ü§®",en,,,,,merrythanas,Tue Mar 24 17:47:13 +0000 2020,0,1,0,False,0,False,
JAMP Pharma offre de l‚Äôhydroxychloroquine aux h√¥pitaux https://t.co/WMJj5r6wOh #amuqrp,fr,Qu√©bec,,,,AMUQmd,Tue Mar 24 14:12:30 +0000 2020,0,0,0,False,0,False,
Jamp Pharma offre de l‚Äôhydroxychloroquine aux h√¥pitaux | JDM https://t.co/Y8ApYtT5xo,fr,Montreal,,,,Annimatrix,Tue Mar 24 12:10:34 +0000 2020,0,0,0,False,0,False,
"JAMP Pharma Group, a Canadian #pharmaceutical company, announced that it is donating one million doses of hydroxychloroquine to Canadian hospitals, which could potentially be useful in treating hospitalized patients infected with the #COVID19 virus. 
https://t.co/lhG8el203H https://t.co/LFNj9X0bzr",en,"Montr√©al, Qu√©bec, Canada",,,,CoolestHotspot,Tue Mar 24 11:40:08 +0000 2020,0,0,0,False,0,False,
"Would characterize the rx-tion to üíä #Hydroxychloroquine / #Azithromycin üíä as 'negative' in üá®üá¶.

And yet HCQ/CQ supplies were basically 0 becuz many MDs *allegedly* Rx'ed for families + friends ü§î 

But now HCQ reinforcements have arrived! #COVID19Canada

https://t.co/if1g9TcQfz",en,,,,,uberrimaefidei1,Tue Mar 24 07:17:19 +0000 2020,0,0,0,False,1,False,
"JAMP Pharma offre de l‚Äôhydroxychloroquine aux h√¥pitaux | JDM https://t.co/KfjOVn4lzJ

""Le groupe pharmaceutique JAMP Pharma (Qu√©bec) a annonc√© lundi offrir un million de doses de l‚Äôhydroxychloroquine aux h√¥pitaux canadiens."" #chloroquine",fr,Qc,,,,o_v_b_,Tue Mar 24 04:44:49 +0000 2020,0,1,0,False,0,False,
Canadian JAMP Pharma Group Gets Involved - Donating one million doses of #Hydroxychloroquine to hospitals to help combat #COVID-19 https://t.co/Fkv5CneoiN,en,Everywhere,,,,mike4882_h,Tue Mar 24 04:13:26 +0000 2020,0,0,0,False,0,False,
"1 million doses of #hydroxychloroquine donated by @JampPharma in #Canada. 
Would be great if it works for #COVID19 (not proven; DO NOT self-medicate), but either way ensuring continued access is vital for people who rely on it for other medical conditions. https://t.co/r7nLYWiSSg",en,,,,,HealthLawAdamH,Tue Mar 24 03:52:09 +0000 2020,0,0,0,False,0,False,
Canadian JAMP Pharma Group Gets Involved - Donating one million doses of hydroxychloroquine to hospitals to help combat COVID-19 https://t.co/RAgDGdIc7w,en,"Qu√©bec, Canada",,,,Quebecois2020,Tue Mar 24 01:53:38 +0000 2020,0,0,0,False,0,False,
"Would characterize the rx-tion to üíä #Hydroxychloroquine / #Azithromycin üíä as 'negative' in üá®üá¶.

And yet HCQ/CQ supplies were basically 0 becuz many MDs *allegedly* Rx'ed for families + friends ü§î 

But now HCQ reinforcements have arrived! #COVID19Canada

https://t.co/if1g9TcQfz",en,Canada,,,,lumosbio,Tue Mar 24 01:37:20 +0000 2020,1,0,1,False,0,False,
"Canadian JAMP Pharma Group Gets Involved - Donating one million doses of hydroxychloroquine to hospitals to help combat COVID-19¬†

https://t.co/CeFscxvblT",en,,,,,Frorenceesther2,Mon Mar 23 22:53:15 +0000 2020,0,0,0,False,0,False,
JAMP Pharma offre de l‚Äôhydroxychloroquine aux h√¥pitaux | JDM https://t.co/4YLNeWhhw8,fr,Montr√©al Qu√©bec ,,,,francoistrembl7,Mon Mar 23 21:40:10 +0000 2020,0,0,0,False,1,False,
JAMP Pharma offre de l‚Äôhydroxychloroquine aux h√¥pitaux | JDM https://t.co/4YLNeWhhw8,fr,Qu√©bec,,,,fp118fp,Mon Mar 23 17:46:44 +0000 2020,0,0,0,False,1,False,
Jamp Pharma a #Canadian company releasing 1M doses of HCQ for #COVIDRx Great News for today! Good to have Canadian Pharmaceutical companies stepping up! https://t.co/DFVyyln7fr,en,Canada,,,,lumosbio,Mon Mar 23 16:53:27 +0000 2020,0,0,0,False,1,False,
"Oh look who else is gearing up to donate these meds that you crazy people won't even look at...

https://t.co/UNyCMZHcGY",en,,,,,practice_outlaw,Mon Mar 23 16:36:00 +0000 2020,0,0,0,False,0,False,
Jamp Pharma a #Canadian company releasing 1M doses of HCQ for #COVIDRx Great News for today! Good to have Canadian Pharmaceutical companies stepping up! https://t.co/DFVyyln7fr,en,"Toronto, ON, Canada",,,,KatTPharmD,Mon Mar 23 16:35:00 +0000 2020,1,1,1,False,0,False,
La compagnie pharmaceutique qu√©b√©coise Groupe JAMP Pharma fait don d‚Äôun million de doses d‚Äôhydroxychloroquine. https://t.co/NADkfhsvK6 #COVID19 #pharma,fr,,,,,alberro_514,Mon Mar 23 16:30:13 +0000 2020,0,0,0,False,1,False,
Canadian JAMP Pharma Group Gets Involved to fight COVID-19.https://t.co/WMzHpTcDzi,en,"Ontario, Canada",,,,mhaquesbc,Mon Mar 23 15:41:15 +0000 2020,0,0,0,False,0,False,
JAMP Pharma offre de l‚Äôhydroxychloroquine aux h√¥pitaux | JDM https://t.co/4YLNeWhhw8,fr,,,,,mapaquet,Mon Mar 23 15:12:19 +0000 2020,0,0,2,False,0,False,
Le groupe pharmaceutique Jamp Pharma a annonc√© lundi offrir de l‚Äôhydroxychloroquine aux h√¥pitaux canadiens. https://t.co/AW1oLLqRmR,fr,France,,,,carocarole,Mon Mar 23 14:43:08 +0000 2020,0,0,0,False,1,False,
Le groupe pharmaceutique Jamp Pharma a annonc√© lundi offrir de l‚Äôhydroxychloroquine aux h√¥pitaux canadiens. https://t.co/AW1oLLqRmR,fr,,,,,Samad45H,Mon Mar 23 13:19:35 +0000 2020,0,0,0,False,1,False,
"BRAVO!!!!
Car Oui L Hydroxy Chloroquine ..Fonctionne!!!

Jamp Pharma offre de l‚Äôhydroxychloroquine aux h√¥pitaux | JDM https://t.co/Y8ApYtT5xo",fr,Montreal,,,,Annimatrix,Mon Mar 23 13:06:17 +0000 2020,0,0,0,False,0,False,
"‚ù§Ô∏èüí™‚ù§Ô∏è

https://t.co/SZVR3N8z0Y",und,,,,,coachRankine,Mon Mar 23 12:44:35 +0000 2020,0,0,0,False,0,False,
La compagnie pharmaceutique qu√©b√©coise Groupe JAMP Pharma fait don d‚Äôun million de doses d‚Äôhydroxychloroquine. https://t.co/NADkfhsvK6 #COVID19 #pharma,fr,Montr√©al,,,,Montreal_InVivo,Mon Mar 23 12:41:16 +0000 2020,0,0,1,False,0,False,
Jamp Pharma offre de l‚Äôhydroxychloroquine aux h√¥pitaux | JDM https://t.co/XfXbl1mAvf,fr,Montr√©al,,,,MichelGuenette3,Mon Mar 23 12:40:02 +0000 2020,0,0,0,False,0,False,
La compagnie pharmaceutique qu√©b√©coise Groupe JAMP Pharma s'implique - Un don d'un million de doses d'hydroxychloroquine...https://t.co/87qcqwhTTs https://t.co/4P2Gb0fVic,fr,"Sherbrooke, Qc",,,,CFLX955,Mon Mar 23 12:33:46 +0000 2020,0,0,0,False,0,False,
Le groupe pharmaceutique Jamp Pharma a annonc√© lundi offrir de l‚Äôhydroxychloroquine aux h√¥pitaux canadiens. https://t.co/AW1oLLqRmR,fr,Canada,,,,JbNzigamiye,Mon Mar 23 11:59:58 +0000 2020,0,0,0,False,1,False,
Le groupe pharmaceutique Jamp Pharma a annonc√© lundi offrir de l‚Äôhydroxychloroquine aux h√¥pitaux canadiens. https://t.co/AW1oLLqRmR,fr,,,,,wezeau1,Mon Mar 23 11:47:42 +0000 2020,0,0,0,False,1,False,
Le groupe pharmaceutique Jamp Pharma a annonc√© lundi offrir de l‚Äôhydroxychloroquine aux h√¥pitaux canadiens. https://t.co/AW1oLLqRmR,fr,"Shawinigan, Qu√©bec",,,,MiAyotte,Mon Mar 23 11:30:28 +0000 2020,0,0,0,False,1,False,
"Canadian JAMP Pharma Group Gets Involved - Donating one million doses of hydroxychloroquine to hospitals to help combat COVID-19

JAMP Pharma Group is a privately owned Canadian company headquartered in the Montreal region.  https://t.co/mpJyOsPBvT",en,YYZ  PBC  HKG,,,,TheCanadianMike,Mon Mar 23 10:56:55 +0000 2020,0,0,0,False,1,False,
Le groupe pharmaceutique Jamp Pharma a annonc√© lundi offrir de l‚Äôhydroxychloroquine aux h√¥pitaux canadiens. https://t.co/AW1oLLqRmR,fr,"Montr√©al, Qu√©bec",,,,MissPoulard,Mon Mar 23 10:53:04 +0000 2020,0,0,0,False,1,False,
Le groupe pharmaceutique Jamp Pharma a annonc√© lundi offrir de l‚Äôhydroxychloroquine aux h√¥pitaux canadiens. https://t.co/AW1oLLqRmR,fr,Qu√©bec ,,,,RaymondHarvey,Mon Mar 23 10:52:35 +0000 2020,0,0,0,False,1,False,
"Canadian JAMP Pharma Group Gets Involved - Donating one million doses of hydroxychloroquine to hospitals to help combat COVID-19

JAMP Pharma Group is a privately owned Canadian company headquartered in the Montreal region.  https://t.co/mpJyOsPBvT",en,Canada,,,,junglejava1,Mon Mar 23 10:51:32 +0000 2020,0,0,1,False,0,False,
Le groupe pharmaceutique Jamp Pharma a annonc√© lundi offrir de l‚Äôhydroxychloroquine aux h√¥pitaux canadiens. https://t.co/AW1oLLqRmR,fr,"Montr√©al, Qu√©bec, Canada",,,,JdeMontreal,Mon Mar 23 10:50:59 +0000 2020,0,2,8,False,0,False,
G√©rant de territoire - Ontario √† Boucherville pour Corporation Jamp Pharma https://t.co/CzlGRNJvKJ,fr,Canada,,,,pharmajobca,Mon Mar 23 04:10:03 +0000 2020,0,0,0,False,0,False,
G√©rant de territoire - Winnipeg √† Winnipeg pour Corporation Jamp Pharma https://t.co/aEl5tjB9E5,fr,Canada,,,,pharmajobca,Mon Mar 23 04:10:03 +0000 2020,0,0,0,False,0,False,
G√©rant de territoire - Regina √† Regina pour Corporation Jamp Pharma https://t.co/xYTliuTxcH,fr,Canada,,,,pharmajobca,Mon Mar 23 04:10:02 +0000 2020,0,0,0,False,0,False,
Territory Manager- Winnipeg in Winnipeg for Jamp Pharma Corporation https://t.co/zbnfMhE5YT,en,Canada,,,,pharmajobca,Sun Mar 22 13:17:01 +0000 2020,0,0,0,False,0,False,
Territory Manager-Regina in Regina for Jamp Pharma Corporation https://t.co/MNyjxF1Y7d,en,Canada,,,,salesrepca,Sun Mar 22 13:14:32 +0000 2020,0,0,0,False,0,False,
Territory Manager- Winnipeg in Winnipeg for Jamp Pharma Corporation https://t.co/NSa12Y36mh,en,Canada,,,,salesrepca,Sun Mar 22 13:14:32 +0000 2020,0,0,0,False,0,False,
G√©rant de territoire - Regina √† Regina pour Corporation Jamp Pharma https://t.co/tdF2HOETz1,fr,Canada,,,,salesrepca,Sun Mar 22 13:13:02 +0000 2020,0,0,0,False,0,False,
G√©rant de territoire - Winnipeg √† Winnipeg pour Corporation Jamp Pharma https://t.co/1JClyZCHQJ,fr,Canada,,,,salesrepca,Sun Mar 22 13:13:02 +0000 2020,0,0,0,False,0,False,
G√©rant de territoire - Ontario √† Boucherville pour Corporation Jamp Pharma https://t.co/aPJYzIgX6d,fr,Canada,,,,salesrepca,Sun Mar 22 13:13:01 +0000 2020,0,0,0,False,0,False,
Territory Manager-Regina in Regina for Jamp Pharma Corporation https://t.co/VbVL9jbjDR,en,Canada,,,,pharmajobca,Sun Mar 22 13:10:32 +0000 2020,0,0,0,False,0,False,
New generic drug approved for TRANEXAMIC ACID INJECTION by JAMP PHARMA CORPORATION #NewNOCAlert #HCApproves,en,,,,,HealthCanadaNOC,Thu Mar 19 02:26:26 +0000 2020,0,0,0,False,0,False,
Territory Manager-Regina in Boucherville for Jamp Pharma Corporation https://t.co/VwCqJutN72,en,Canada,,,,pharmajobca,Mon Mar 16 18:36:02 +0000 2020,0,0,0,False,0,False,
Territory Manager- Winnipeg in Boucherville for Jamp Pharma Corporation https://t.co/PVZB311Xx5,en,Canada,,,,pharmajobca,Mon Mar 16 18:36:02 +0000 2020,0,0,0,False,0,False,
Territory Manager- Ontario in Boucherville for Jamp Pharma Corporation https://t.co/MgiOUphn2W,en,Canada,,,,pharmajobca,Mon Mar 16 18:36:02 +0000 2020,0,0,0,False,0,False,
Territory Manager-Regina in Boucherville for Jamp Pharma Corporation https://t.co/a2FVVazFWH,en,Canada,,,,salesrepca,Mon Mar 16 16:23:03 +0000 2020,0,0,0,False,0,False,
Territory Manager- Winnipeg in Boucherville for Jamp Pharma Corporation https://t.co/80zGXMg99Z,en,Canada,,,,salesrepca,Mon Mar 16 16:23:03 +0000 2020,0,0,0,False,0,False,
Territory Manager- Ontario in Boucherville for Jamp Pharma Corporation https://t.co/Ntjk3DIMES,en,Canada,,,,salesrepca,Mon Mar 16 16:16:02 +0000 2020,0,0,0,False,0,False,
#Advisory: JAMP Pharma Corporation recalls 26 lots of its prescription #metformin drug for #diabetes from the Canadian market. https://t.co/4CxUPrQts1,en,Canada,,,,GTeix,Fri Mar 13 00:46:36 +0000 2020,0,0,0,False,1,False,
#Advisory: JAMP Pharma Corporation recalls 26 lots of its prescription #metformin drug for #diabetes from the Canadian market. https://t.co/4CxUPrQts1,en,Calgary and Area,,,,YYC_BeSafe,Thu Mar 12 21:54:13 +0000 2020,0,0,0,False,1,False,
#Advisory: JAMP Pharma Corporation recalls 26 lots of its prescription #metformin drug for #diabetes from the Canadian market. https://t.co/4CxUPrQts1,en,"Vancouver, Florida (Canada)",,,,TonkatsuBC,Thu Mar 12 21:25:43 +0000 2020,0,0,0,False,1,False,
#Advisory: JAMP Pharma Corporation recalls 26 lots of its prescription #metformin drug for #diabetes from the Canadian market. https://t.co/4CxUPrQts1,en,"Toronto, Ontario",,,,AcademicEM,Thu Mar 12 20:21:19 +0000 2020,0,0,0,False,1,False,
#Advisory: JAMP Pharma Corporation recalls 26 lots of its prescription #metformin drug for #diabetes from the Canadian market. https://t.co/4CxUPrQts1,en,"Montreal, Canada",,,,crackedscience,Thu Mar 12 20:13:06 +0000 2020,0,0,0,False,1,False,
#Advisory: JAMP Pharma Corporation recalls 26 lots of its prescription #metformin drug for #diabetes from the Canadian market. https://t.co/4CxUPrQts1,en,"Maritime Provinces, Canada",,,,RobnHood9090,Thu Mar 12 20:03:10 +0000 2020,0,0,0,False,1,False,
#Advisory: JAMP Pharma Corporation recalls 26 lots of its prescription #metformin drug for #diabetes from the Canadian market. https://t.co/4CxUPrQts1,en,"Castlegar, British Columbia",,,,scowlyguy,Thu Mar 12 20:02:57 +0000 2020,0,0,0,False,1,False,
#Advisory: JAMP Pharma Corporation recalls 26 lots of its prescription #metformin drug for #diabetes from the Canadian market. https://t.co/4CxUPrQts1,en,,,,,linseyhollett,Thu Mar 12 20:02:43 +0000 2020,0,0,0,False,1,False,
#Advisory: JAMP Pharma Corporation recalls 26 lots of its prescription #metformin drug for #diabetes from the Canadian market. https://t.co/4CxUPrQts1,en,,,,,foodievibe,Thu Mar 12 20:01:52 +0000 2020,0,0,0,False,1,False,
#Advisory: JAMP Pharma Corporation recalls 26 lots of its prescription #metformin drug for #diabetes from the Canadian market. https://t.co/4CxUPrQts1,en,"Ontario, Canada",,,,wickeyali,Thu Mar 12 20:00:43 +0000 2020,0,0,0,False,1,False,
"#Avis : JAMP Pharma Corporation rappelle 26 lots de #metformin, son m√©dicament d‚Äôordonnance contre le #diab√®te, du march√© canadien https://t.co/3HZHfSgX1S",fr,Canada,,,,GouvCanSante,Thu Mar 12 20:00:23 +0000 2020,0,0,0,False,0,False,
#Advisory: JAMP Pharma Corporation recalls 26 lots of its prescription #metformin drug for #diabetes from the Canadian market. https://t.co/4CxUPrQts1,en,Canada,,,,GovCanHealth,Thu Mar 12 20:00:23 +0000 2020,0,0,11,False,0,False,
Commis aux comptes payables √† Boucherville pour Corporation Jamp Pharma,fr,Canada,,,,Acctjobsca,Wed Mar 11 20:01:02 +0000 2020,0,0,0,False,0,False,
Commis aux comptes payables √† Boucherville pour Corporation Jamp Pharma https://t.co/FaJH4kg70h,fr,Canada,,,,Acctjobsca,Wed Mar 04 19:46:32 +0000 2020,0,0,0,False,0,False,
Assurance Qualit√© - Charg√© de projet √† Boucherville pour Corporation Jamp Pharma https://t.co/nRmAFeBkRY,fr,Canada,,,,pharmajobca,Wed Mar 04 02:20:33 +0000 2020,0,0,0,False,0,False,
Assurance Qualit√© - Charg√© de projet √† Boucherville pour Corporation Jamp Pharma,fr,Canada,,,,PMjobca,Wed Feb 26 16:14:03 +0000 2020,0,0,0,False,0,False,
Assurance Qualit√© - Charg√© de projet √† Boucherville pour Corporation Jamp Pharma https://t.co/6Eia9vSfVI,fr,Canada,,,,PMjobca,Wed Feb 26 15:07:32 +0000 2020,0,0,0,False,0,False,
Assurance Qualit√© - Charg√© de projet √† Boucherville pour Corporation Jamp Pharma https://t.co/comgVXXDqg,fr,Canada,,,,pharmajobca,Wed Feb 26 14:00:02 +0000 2020,0,0,0,False,0,False,
"""Canadian pharmaceutical company JAMP Pharma Group has signed an exclusive agreement with global speciality biopharmaceutical company Alvotech for the Canadian commercial rights to five biosimilars.""

#PharmAllies #health #medicine

https://t.co/sfM9nVBhK4",en,,,,,Mimery4,Mon Feb 24 22:51:16 +0000 2020,0,0,0,False,1,False,
New generic drug approved for JAMP DULOXETINE by JAMP PHARMA CORPORATION #NewNOCAlert #HCApproves,en,,,,,HealthCanadaNOC,Sat Feb 22 03:07:52 +0000 2020,0,0,0,False,0,False,
Our little spot is creating quite the excitement ü•∞ Jamp Pharma: combler l'√©cart de plaisir - Infopresse https://t.co/COwqGtwxRj #advertising #madeinQuebec #LadiesMakingAds,fr,"Montreal, Quebec, Canada",,,,apalanca,Wed Feb 19 22:08:46 +0000 2020,0,0,0,False,0,False,
"Jamp Pharma: combler l'√©cart de plaisir

üëâ https://t.co/7ntfMqAF0s https://t.co/kWBSySpeMS",fr,Montr√©al,,,,Infopresse,Wed Feb 19 19:26:00 +0000 2020,0,0,0,False,0,False,
Sp√©cialiste assurance qualit√© - rel√¢che des produits √† Boucherville pour Corporation Jamp Pharma https://t.co/Q5hGP0NsZ4,fr,Canada,,,,pharmajobca,Mon Feb 17 22:26:31 +0000 2020,0,0,0,False,0,False,
"L'offensive r√©alis√©e par Havas Montr√©al, en collaboration avec JAMP Pharma, est bas√©e sur l‚Äôid√©e de mettre fin √† l‚Äô√©cart de plaisir en parlant de fa√ßon directe de l'orgasme f√©minin. https://t.co/LmhrVyX18p https://t.co/EwNtT8IfVr",fr,Montr√©al,,,,Grenier_enbref,Fri Feb 14 17:27:19 +0000 2020,0,0,0,False,0,False,
Parajuriste √† Boucherville pour Corporation Jamp Pharma,fr,Canada,,,,paralegaljobsca,Fri Feb 14 05:09:02 +0000 2020,0,0,0,False,0,False,
JAMP Pharma Corporation: Close the pleasure gap https://t.co/uWrV81ilsT,en,"Montr√©al, Qu√©bec, Canada",,,,PatrickSeymour,Tue Feb 11 16:34:07 +0000 2020,0,0,0,False,0,False,
üì° üöÄJAMP Pharma Corporation: Close the pleasure gap üí° #ZirigozaGroup #e-commerce #marketing #ENKIL.es #8020 üîî https://t.co/adl4pPeuXb,en,Espa√±a,,,,8020es,Tue Feb 11 15:28:02 +0000 2020,0,0,0,False,0,False,
"Click through to see the JAMP Pharma Corporation ad by @havas, Canada: Close the pleasure gap https://t.co/cRyZMQK4bJ https://t.co/C0RVaHGOw1",en,"New York, USA",,,,adsoftheworld,Tue Feb 11 14:57:02 +0000 2020,0,0,0,False,0,False,
Parajuriste √† Boucherville pour Corporation Jamp Pharma https://t.co/bh19r3DWLT,fr,Canada,,,,paralegaljobsca,Mon Jan 20 18:03:02 +0000 2020,0,0,0,False,0,False,
Parajuriste in Boucherville for Jamp Pharma Corporation https://t.co/ZR9DGpZqaV,fr,Canada,,,,paralegaljobsca,Mon Jan 20 17:00:03 +0000 2020,0,0,0,False,0,False,
JAMP Pharma Licenses 5 Biosimilar Candidates From Alvotech for Canadian Market https://t.co/TemsmiLmFK via @biosimcenter,en,"Goa, India",,,,ibpsconsulting,Sat Jan 18 16:42:50 +0000 2020,0,0,0,False,0,False,
"""Canadian pharmaceutical company JAMP Pharma Group has signed an exclusive agreement with global speciality biopharmaceutical company Alvotech for the Canadian commercial rights to five biosimilars.""

#PharmAllies #health #medicine

https://t.co/sfM9nVBhK4",en,"Kenilworth, NJ 07033",,,,PharmAllies,Fri Jan 17 16:57:17 +0000 2020,0,0,1,False,0,False,
Canadian generics firm JAMP Pharma moves into biosimilars https://t.co/z7TT44g1gu,en,"Goa, India",,,,ibpsconsulting,Fri Jan 17 16:36:22 +0000 2020,0,0,0,False,0,False,
Chef de produit √† Boucherville pour Corporation Jamp Pharma https://t.co/4GQX7y2pwp,fr,Canada,,,,PMjobca,Thu Jan 16 22:09:32 +0000 2020,0,0,0,False,0,False,
Chef de produit √† Boucherville pour Corporation Jamp Pharma https://t.co/inwlOxrk4M,fr,Canada,,,,pharmajobca,Thu Jan 16 21:42:32 +0000 2020,0,0,0,False,0,False,
JAMP Pharma Group signs a landmark partnership agreement for the commercialization of five biosimilar medicines in... https://t.co/hQ2jdTse3p,en,"Ontario, Canada",,,,mhaquesbc,Wed Jan 15 22:05:05 +0000 2020,0,0,0,False,0,False,
"JAMP Pharma Group signs a landmark #partnership agreement for the commercialization of five #biosimilar medicines in #Canada

https://t.co/aIMWZSmEP2

#lifesciences #biotech #pharma #healthcare
#Quebec #business #innovation #investment #collaboration https://t.co/qVjoKcsaFx",en,"Montr√©al, Qu√©bec, Canada",,,,CoolestHotspot,Wed Jan 15 20:45:00 +0000 2020,0,0,0,False,0,False,
"L'entreprise priv√©e qu√©b√©coise, Le Groupe JAMP Pharma, signe un accord de #partenariat historique pour la #commercialisation de cinq m√©dicaments biosimilaires au Canada. https://t.co/IZhOG59Uq8 #sciencesdelavie https://t.co/yaX3ss2ZhQ",fr,"Montr√©al, Qu√©bec",,,,GrappesMontreal,Wed Jan 15 14:04:51 +0000 2020,0,0,0,False,1,False,
Congratulations to the team at JAMP Pharma Corporation for this important partnership! https://t.co/ghucyQWQcg,en,Montreal,,,,didierleconte,Tue Jan 14 17:10:42 +0000 2020,0,1,0,False,0,False,
F√©licitations √† toute l'√©quipe de JAMP Pharma Corporation pour la signature de ce partenariat important ! https://t.co/BDwe3ye9lH,fr,Montreal,,,,didierleconte,Tue Jan 14 17:08:43 +0000 2020,0,0,0,False,0,False,
"L'entreprise priv√©e qu√©b√©coise, Le Groupe JAMP Pharma, signe un accord de #partenariat historique pour la #commercialisation de cinq m√©dicaments biosimilaires au Canada. https://t.co/IZhOG59Uq8 #sciencesdelavie https://t.co/yaX3ss2ZhQ",fr,Montr√©al,,,,Montreal_InVivo,Tue Jan 14 16:55:29 +0000 2020,0,0,1,False,0,False,
JAMP Pharma Group signs a landmark partnership agreement for the commercialization of five biosimilar medicines in Canada https://t.co/LOf7ve1ipV,en,"Washington, D.C.",,,,EINPharmaNews,Tue Jan 14 14:00:46 +0000 2020,0,0,0,False,0,False,
Profitable Strategic Report on Eye Drug Market with Current Trends and Future Estimations 2019-2024 | Profiling‚Ä¶ https://t.co/xLRlbKCxTg &gt;&gt;&gt; https://t.co/HTA6IsoHwv #strategy #competitiveintelligence #marketing #productmarketing #biotech #pharma #pharmaceutical #healthcare https://t.co/yt6BNBj1ha,en,Global,,,,LQVentures,Wed Dec 18 20:09:06 +0000 2019,0,0,0,False,1,False,
Profitable Strategic Report on Eye Drug Market with Current Trends and Future Estimations 2019-2024 | Profiling‚Ä¶ https://t.co/xLRlbKCxTg &gt;&gt;&gt; https://t.co/HTA6IsoHwv #strategy #competitiveintelligence #marketing #productmarketing #biotech #pharma #pharmaceutical #healthcare https://t.co/yt6BNBj1ha,en,Global,,,,_timos_,Wed Dec 18 20:08:03 +0000 2019,0,0,2,False,0,False,
Profitable Strategic Report on Eye Drug Market with Current Trends and Future Estimations 2019-2024 | Profiling‚Ä¶ https://t.co/bfe3wWtODb &gt;&gt;&gt; https://t.co/HTA6IsoHwv #strategy #competitiveintelligence #marketing #healthcare #biotech #pharma #pharmaceutical #productmarketing https://t.co/mEM1EhqalD,en,Global,,,,LQVentures,Tue Dec 17 20:01:34 +0000 2019,0,0,0,False,1,False,
Profitable Strategic Report on Eye Drug Market with Current Trends and Future Estimations 2019-2024 | Profiling‚Ä¶ https://t.co/bfe3wWtODb &gt;&gt;&gt; https://t.co/HTA6IsoHwv #strategy #competitiveintelligence #marketing #healthcare #biotech #pharma #pharmaceutical #productmarketing https://t.co/mEM1EhqalD,en,Global,,,,_timos_,Tue Dec 17 20:01:10 +0000 2019,0,0,2,False,0,False,
New generic drug approved for JAMP PRUCALOPRIDE by JAMP PHARMA CORPORATION #NewNOCAlert #HCApproves,en,,,,,HealthCanadaNOC,Wed Dec 11 03:20:48 +0000 2019,0,0,0,False,0,False,
"Amoxicillin Market by 2025 With Top Players JAMP Pharma Corporation, Novartis, Dr. Reddy's Laboratories, and more. - The latest research report on the Amoxicillin market has been formulated to offer a comprehensive assessment of the economic... https://t.co/Hujs4j3tEC",en,,,,,GarryAhuja,Thu Dec 05 13:22:13 +0000 2019,0,0,0,False,0,False,
"Directeur, Acc√®s aux march√©s et Affaires Gouvernementales √† Boucherville pour Corporation Jamp Pharma",fr,Canada,,,,HealthcareSante,Mon Nov 25 21:36:32 +0000 2019,0,0,0,False,0,False,
"Global Glaucoma Medications Market 2019 ‚Äì Pfizer, Novartis, bausch Lomb, Laboratoire Riva, Jamp Pharma - Galus‚Ä¶ https://t.co/si3Tvpt4ib &gt;&gt;&gt; https://t.co/HTA6IsGiV5 #strategy #competitiveintelligence #marketing #healthcare #pharmaceutical #biotech #pharma #productmarketing https://t.co/fM7CUSEyMQ",fr,Global,,,,_timos_,Mon Nov 25 15:53:06 +0000 2019,0,0,0,False,1,False,
"Global Glaucoma Medications Market 2019 ‚Äì Pfizer, Novartis, bausch Lomb, Laboratoire Riva, Jamp Pharma - Galus‚Ä¶ https://t.co/si3Tvpt4ib &gt;&gt;&gt; https://t.co/HTA6IsGiV5 #strategy #competitiveintelligence #marketing #healthcare #pharmaceutical #biotech #pharma #productmarketing https://t.co/fM7CUSEyMQ",fr,Global,,,,LQVentures,Sun Nov 24 15:51:33 +0000 2019,0,0,0,False,1,False,
"Global Glaucoma Medications Market 2019 ‚Äì Pfizer, Novartis, bausch Lomb, Laboratoire Riva, Jamp Pharma - Galus‚Ä¶ https://t.co/si3Tvpt4ib &gt;&gt;&gt; https://t.co/HTA6IsGiV5 #strategy #competitiveintelligence #marketing #healthcare #pharmaceutical #biotech #pharma #productmarketing https://t.co/fM7CUSEyMQ",fr,Global,,,,_timos_,Sun Nov 24 15:51:09 +0000 2019,0,0,2,False,0,False,
"Directeur, Acc√®s aux march√©s et Affaires Gouvernementales √† Boucherville pour Corporation Jamp Pharma https://t.co/F76Yvkp8Lq",fr,Canada,,,,HealthcareSante,Fri Nov 22 13:46:02 +0000 2019,0,0,0,False,0,False,
"Global Eye Drug Market 2019 ‚Äì Pfizer, Novartis, bausch Lomb, Laboratoire Riva, Jamp Pharma - Galus Australis https://t.co/K34dlJ6n1I &gt;&gt;&gt; https://t.co/HTA6IsoHwv #strategy #competitiveintelligence #marketing #pharma #productmarketing #pharmaceutical #biotech #healthcare https://t.co/NKqpEn3JEf",de,Global,,,,_timos_,Fri Nov 15 23:43:32 +0000 2019,0,0,0,False,1,False,
"Global Eye Drug Market 2019 ‚Äì Pfizer, Novartis, bausch Lomb, Laboratoire Riva, Jamp Pharma - Galus Australis https://t.co/K34dlJ6n1I &gt;&gt;&gt; https://t.co/HTA6IsoHwv #strategy #competitiveintelligence #marketing #pharma #productmarketing #pharmaceutical #biotech #healthcare https://t.co/NKqpEn3JEf",de,Global,,,,LQVentures,Thu Nov 14 23:42:31 +0000 2019,0,0,0,False,1,False,
"Global Eye Drug Market 2019 ‚Äì Pfizer, Novartis, bausch Lomb, Laboratoire Riva, Jamp Pharma - Galus Australis https://t.co/K34dlJ6n1I &gt;&gt;&gt; https://t.co/HTA6IsoHwv #strategy #competitiveintelligence #marketing #pharma #productmarketing #pharmaceutical #biotech #healthcare https://t.co/NKqpEn3JEf",de,Global,,,,_timos_,Thu Nov 14 23:42:07 +0000 2019,0,0,2,False,0,False,
"Directeur, Acc√®s aux march√©s et Affaires Gouvernementales √† Boucherville pour Corporation Jamp Pharma https://t.co/WxVEJe2nFP",fr,Canada,,,,pharmajobca,Tue Nov 12 21:21:03 +0000 2019,0,0,0,False,0,False,
"Analyste, Acc√®s au March√© √† Boucherville pour Corporation Jamp Pharma",fr,Canada,,,,HealthcareSante,Tue Nov 12 21:21:02 +0000 2019,0,0,0,False,0,False,
"Global Glaucoma Medications Market 2019 ‚Äì Pfizer, Novartis, bausch Lomb, Laboratoire Riva, Jamp Pharma, Fresenius -‚Ä¶ https://t.co/GeKRX3bgUS &gt;&gt;&gt; https://t.co/HTA6IsoHwv #strategy #competitiveintelligence #marketing #pharma #pharmaceutical #biotech #healthcare #productmarketing",de,NYC,,,,nyandy777,Tue Nov 12 16:21:23 +0000 2019,0,0,0,False,1,False,
"Global Glaucoma Medications Market 2019 ‚Äì Pfizer, Novartis, bausch Lomb, Laboratoire Riva, Jamp Pharma, Fresenius -‚Ä¶ https://t.co/GeKRX3bgUS &gt;&gt;&gt; https://t.co/HTA6IsoHwv #strategy #competitiveintelligence #marketing #pharma #pharmaceutical #biotech #healthcare #productmarketing",de,Global,,,,_timos_,Tue Nov 12 16:10:35 +0000 2019,0,0,0,False,1,False,
"Global Glaucoma Medications Market 2019 ‚Äì Pfizer, Novartis, bausch Lomb, Laboratoire Riva, Jamp Pharma, Fresenius -‚Ä¶ https://t.co/GeKRX3bgUS &gt;&gt;&gt; https://t.co/HTA6IsoHwv #strategy #competitiveintelligence #marketing #pharma #pharmaceutical #biotech #healthcare #productmarketing",de,Global,,,,LQVentures,Mon Nov 11 16:10:04 +0000 2019,0,0,0,False,1,False,
"Global Glaucoma Medications Market 2019 ‚Äì Pfizer, Novartis, bausch Lomb, Laboratoire Riva, Jamp Pharma, Fresenius -‚Ä¶ https://t.co/GeKRX3bgUS &gt;&gt;&gt; https://t.co/HTA6IsoHwv #strategy #competitiveintelligence #marketing #pharma #pharmaceutical #biotech #healthcare #productmarketing",de,Global,,,,_timos_,Mon Nov 11 16:09:37 +0000 2019,0,0,3,False,0,False,
"Analyste, Acc√®s au March√© √† Boucherville pour Corporation Jamp Pharma https://t.co/CSjltJ3sIE",fr,Canada,,,,HealthcareSante,Wed Nov 06 15:53:32 +0000 2019,0,0,0,False,0,False,
"Analyste, Acc√®s au March√© √† Boucherville pour Corporation Jamp Pharma https://t.co/ww2FiJzSgn",fr,Canada,,,,pharmajobca,Wed Nov 06 15:39:02 +0000 2019,0,0,0,False,0,False,
New generic drug approved for JAMP ELETRIPTAN by JAMP PHARMA CORPORATION #NewNOCAlert #HCApproves,en,,,,,HealthCanadaNOC,Wed Nov 06 03:54:56 +0000 2019,0,0,0,False,0,False,
"Global Glaucoma Medications Market 2019 ‚Äì Pfizer, Novartis, bausch Lomb, Laboratoire Riva, Jamp Pharma - Health 365‚Ä¶ https://t.co/h5LGAZM1Tc &gt;&gt;&gt; https://t.co/HTA6IsoHwv #strategy #competitiveintelligence #marketing #pharma #healthcare #productmarketing #pharmaceutical #biotech",de,Global,,,,_timos_,Sat Nov 02 14:44:31 +0000 2019,0,0,0,False,1,False,
"Global Glaucoma Medications Market 2019 ‚Äì Pfizer, Novartis, bausch Lomb, Laboratoire Riva, Jamp Pharma - Health 365‚Ä¶ https://t.co/h5LGAZM1Tc &gt;&gt;&gt; https://t.co/HTA6IsoHwv #strategy #competitiveintelligence #marketing #pharma #healthcare #productmarketing #pharmaceutical #biotech",de,Global,,,,LQVentures,Fri Nov 01 14:44:02 +0000 2019,0,0,0,False,1,False,
"Global Glaucoma Medications Market 2019 ‚Äì Pfizer, Novartis, bausch Lomb, Laboratoire Riva, Jamp Pharma - Health 365‚Ä¶ https://t.co/h5LGAZM1Tc &gt;&gt;&gt; https://t.co/HTA6IsoHwv #strategy #competitiveintelligence #marketing #pharma #healthcare #productmarketing #pharmaceutical #biotech",de,Global,,,,_timos_,Fri Nov 01 14:43:33 +0000 2019,0,0,2,False,0,False,
"$PFNX said its partner Alvogen Inc. has entered into exclusive commercialization agreements for osteoporosis treatment PF708 with PharmBio Korea in South Korea, JAMP Pharma in Canada and Kamada Ltd. (KMDA, https://t.co/ypxdWde1Kj) in Israel.",en,U.S.A,,,,MaisaCorp,Fri Oct 11 20:30:28 +0000 2019,0,0,0,False,0,False,
"Sp√©cialiste pharmacovigilance, gestion des risques √† Boucherville pour Corporation Jamp Pharma",fr,Canada,,,,HealthcareSante,Fri Sep 27 19:57:01 +0000 2019,0,0,0,False,0,False,
New generic drug approved for JAMP METFORMIN by JAMP PHARMA CORPORATION #NewNOCAlert #HCApproves,en,,,,,HealthCanadaNOC,Fri Sep 27 02:58:31 +0000 2019,0,0,0,False,0,False,
"Sp√©cialiste pharmacovigilance, gestion des risques √† Boucherville pour Corporation Jamp Pharma https://t.co/84QUqWWDKG",fr,Canada,,,,HealthcareSante,Thu Sep 26 19:13:02 +0000 2019,0,0,0,False,0,False,
"Sp√©cialiste pharmacovigilance, gestion des risques √† Boucherville pour Corporation Jamp Pharma https://t.co/UPC7QSkkPC",fr,Canada,,,,pharmajobca,Thu Sep 26 19:13:02 +0000 2019,0,0,0,False,0,False,
"Innovation through co-opetition: Panacea or a pipe dream? Dr Tathagata Dutta,¬†VP &amp; CSO, Jamp Pharma speaks on this interesting topic at a #PharmaRnD conference organised by @ExpPharma and @MesseMunchen at Hitex Hyderabad. https://t.co/L60Zl5P4sO",en,India,,,,LNair23,Fri Sep 20 07:47:17 +0000 2019,0,0,0,False,0,False,
"Dr Tathagata Dutta, VP &amp; CSO, JAMP Pharma days coopetition is the only way to improve Pharma R&amp;D @ExpPharma conference at #AnalyticaAnacon2019 #IndiaLabExpo2019 HITEX Hyderabad HALL 2A. https://t.co/6dSOvi9hTM",en,"Mumbai, India",,,,Viveka_Roy,Fri Sep 20 07:04:43 +0000 2019,0,0,0,False,0,False,
Directeur Adjoint Assurance Qualit√© √† Boucherville pour Corporation Jamp Pharma https://t.co/1HQcfioitZ,fr,Canada,,,,pharmajobca,Sat Aug 17 13:37:33 +0000 2019,0,0,0,False,0,False,
Repr√©sentant des ventes / Orimed Pharma (Division de Jamp Pharma) √† Boucherville pour Corporation Jamp Pharma https://t.co/SLGffW58eV,fr,Canada,,,,pharmajobca,Sat Aug 17 13:31:05 +0000 2019,0,0,0,False,0,False,
Repr√©sentant des ventes / Orimed Pharma (Division de Jamp Pharma) √† Boucherville pour Corporation Jamp Pharma https://t.co/xnJqPsVu1K,fr,Canada,,,,salesrepca,Sat Aug 17 13:31:04 +0000 2019,0,0,0,False,0,False,
Sp√©cialaiste comptes payables - clients √† Boucherville pour Corporation Jamp Pharma,fr,Canada,,,,Acctjobsca,Fri Aug 02 04:09:08 +0000 2019,0,0,0,False,0,False,
Sp√©cialaiste comptes payables - clients √† Boucherville pour Corporation Jamp Pharma https://t.co/g1xnVnL4wb,fr,Canada,,,,Acctjobsca,Tue Jul 30 13:05:37 +0000 2019,0,0,0,False,0,False,
Sp√©cialaiste comptes payalbles - clients √† Boucherville pour Corporation Jamp Pharma https://t.co/yUcSmOF4re,fr,Canada,,,,Acctjobsca,Thu Jul 25 14:13:37 +0000 2019,0,0,0,False,0,False,
New generic drug approved for JAMP METHIMAZOLE by JAMP PHARMA CORPORATION #NewNOCAlert #HCApproves,en,,,,,HealthCanadaNOC,Sat Jul 20 02:44:10 +0000 2019,0,0,0,False,0,False,
New generic drug approved for JAMP ONDANSETRON by JAMP PHARMA CORPORATION #NewNOCAlert #HCApproves,en,,,,,HealthCanadaNOC,Sat Jul 20 02:44:09 +0000 2019,0,0,0,False,0,False,
New generic drug approved for JAMP-DOXAZOSIN by JAMP PHARMA CORPORATION #NewNOCAlert #HCApproves,en,,,,,HealthCanadaNOC,Fri Jul 12 02:12:53 +0000 2019,0,0,0,False,0,False,
JAMP Pharma Values Pharmacists EN https://t.co/7RAiRVsP8l via @YouTube,en,"Ontario, Canada",,,,mhaquesbc,Wed Jul 10 17:44:23 +0000 2019,0,0,0,False,0,False,
New generic drug approved for JAMP-KETOTIFEN by JAMP PHARMA CORPORATION #NewNOCAlert #HCApproves,en,,,,,HealthCanadaNOC,Sat Jun 29 02:40:57 +0000 2019,0,0,0,False,0,False,
Directeur Adjoint Assurance Qualit√© √† Boucherville pour Corporation Jamp Pharma,fr,Canada,,,,technicaljobsca,Sun Jun 16 23:00:34 +0000 2019,0,0,0,False,0,False,
Directeur Adjoint Assurance Qualit√© √† Boucherville pour Corporation Jamp Pharma https://t.co/C2fFvodXLa,fr,Canada,,,,technicaljobsca,Fri Jun 14 15:31:03 +0000 2019,0,0,0,False,0,False,
Directeur Adjoint Assurance Qualit√© √† Boucherville pour Corporation Jamp Pharma https://t.co/RrWk7RMfJn,fr,Canada,,,,pharmajobca,Fri Jun 14 15:21:04 +0000 2019,0,0,0,False,0,False,
New generic drug approved for JAMP-VARDENAFIL ODT by JAMP PHARMA CORPORATION #NewNOCAlert #HCApproves,en,,,,,HealthCanadaNOC,Sat Jun 08 02:45:57 +0000 2019,0,0,0,False,0,False,
Repr√©sentant des ventes / Orimed Pharma (Division de Jamp Pharma) √† Boucherville pour Corporation Jamp Pharma,fr,Canada,,,,pharmajobca,Sat Jun 01 11:04:04 +0000 2019,0,0,0,False,0,False,
Repr√©sentant des ventes / Orimed Pharma (Division de Jamp Pharma) √† Boucherville pour Corporation Jamp Pharma https://t.co/3yV1QPzVmr,fr,Canada,,,,salesrepca,Fri May 31 15:22:03 +0000 2019,0,0,0,False,0,False,
Repr√©sentant des ventes / Orimed Pharma (Division de Jamp Pharma) √† Boucherville pour Corporation Jamp Pharma https://t.co/rG1riyDan4,fr,Canada,,,,pharmajobca,Fri May 31 15:22:03 +0000 2019,0,0,0,False,0,False,
New generic drug approved for JAMP-EFAVIRENZ by JAMP PHARMA CORPORATION #NewNOCAlert #HCApproves,en,,,,,HealthCanadaNOC,Wed May 29 02:40:50 +0000 2019,0,0,0,False,0,False,
Analyste comptes payables √† Boucherville pour Corporation Jamp Pharma,fr,Canada,,,,Acctjobsca,Wed May 22 23:21:03 +0000 2019,0,0,0,False,0,False,
Analyste comptes payables √† Boucherville pour Corporation Jamp Pharma https://t.co/nVM8fyFgYT,fr,Canada,,,,Acctjobsca,Tue May 21 21:21:03 +0000 2019,0,0,0,False,0,False,
"Sp√©cialiste, Information m√©dicale et pharmacovigilance √† Boucherville pour Corporation Jamp Pharma",fr,Canada,,,,pharmajobca,Tue May 21 20:36:32 +0000 2019,0,0,0,False,0,False,
"Global Eye Drug Market Outlook 2019-2025 : Laboratoire Riva, bausch Lomb, Novartis,Pfizer, Jamp Pharma, Fresenius https://t.co/N95S3BNzow",de,,,,,total_pharma,Sun May 19 09:28:26 +0000 2019,0,0,0,False,0,False,
"Global Glaucoma Medications Market Overview 2019- Pfizer, Novartis, bausch Lomb, Laboratoire Riva, Jamp Pharma, Fresenius - TheFeedGraph https://t.co/hiyJMALYtD",de,,,,,total_pharma,Sun May 19 07:28:25 +0000 2019,0,0,0,False,0,False,
Chef marketing - Boucherville (Mont√©r√©gie) | Corporation Jamp Pharma https://t.co/u0T2BgPN8D,fr,"Montr√©al, Qu√©bec",,,,Isarta,Thu May 16 17:03:02 +0000 2019,0,0,0,False,0,False,
"Sp√©cialiste, Information m√©dicale et pharmacovigilance √† Boucherville pour Corporation Jamp Pharma https://t.co/zN5RYY8Vr1",fr,Canada,,,,pharmajobca,Thu May 16 14:02:02 +0000 2019,0,0,0,False,0,False,
"Global Glaucoma Medications Market 2019 - Pfizer, Novartis, bausch Lomb, Laboratoire Riva, Jamp Pharma - Biz Trends 24 https://t.co/Fxh53BthND",fr,,,,,total_pharma,Mon May 13 09:53:46 +0000 2019,0,0,0,False,0,False,
"Global Glaucoma Medications Market 2019 ‚Äì Pfizer, Novartis, bausch Lomb, Laboratoire Riva, Jamp Pharma, Fresenius https://t.co/x37CaPqfrA",de,,,,,total_pharma,Wed May 08 08:26:04 +0000 2019,0,0,0,False,0,False,
"JAMP PHARMA Candesartan 32mg 
What would you think the marking should have ?
J 32 
C 4 
C 32",en,"Here, There, Everywhere.... ",,,,SargeTheDuck,Tue Mar 19 01:56:31 +0000 2019,1,1,0,False,0,False,
New generic drug approved for JAMP NEVIRAPINE by JAMP PHARMA CORPORATION #NewNOCAlert #HCApproves,en,,,,,HealthCanadaNOC,Sat Mar 02 03:08:26 +0000 2019,0,0,0,False,0,False,
New generic drug approved for JAMP ENTECAVIR by JAMP PHARMA CORPORATION #NewNOCAlert #HCApproves,en,,,,,HealthCanadaNOC,Sat Feb 23 03:09:33 +0000 2019,0,0,0,False,0,False,
"Associ√©(e), Acc√®s au march√© ‚Äì Jamp Pharma ‚Äì Boucherville, QC ‚Äì Montreal¬†Jobs https://t.co/qJBYfTfQIZ",fr,Montreal,,,,montrealinform,Sat Feb 02 02:03:13 +0000 2019,0,0,0,False,0,False,
New generic drug approved for JAMP CINACALCET by JAMP PHARMA CORPORATION #NewNOCAlert #HCApproves,en,,,,,HealthCanadaNOC,Thu Jan 24 03:02:03 +0000 2019,0,0,0,False,0,False,
New generic drug approved for JAMP DUTASTERIDE by JAMP PHARMA CORPORATION #NewNOCAlert #HCApproves,en,,,,,HealthCanadaNOC,Thu Jan 24 03:02:02 +0000 2019,0,0,0,False,0,False,
Associ√© - affaires r√©glementaires (√âtiquettes) √† Boucherville pour Corporation Jamp Pharma https://t.co/gYBmnYzvNa,fr,Canada,,,,pharmajobca,Tue Jan 22 21:59:04 +0000 2019,0,0,0,False,0,False,
New generic drug approved for JAMP DORZOLAMIDE-TIMOLOL by JAMP PHARMA CORPORATION #NewNOCAlert #HCApproves,en,,,,,HealthCanadaNOC,Sat Jan 19 03:11:47 +0000 2019,0,0,0,False,0,False,
Associ√© - affaires r√©glementaires (√âtiquettes) √† Boucherville pour Corporation Jamp Pharma https://t.co/mkJXmgqlEn https://t.co/J4ysLpOH7a,fr,Canada,,,,pharmajobca,Wed Jan 16 21:10:33 +0000 2019,0,0,0,False,0,False,
Technicien(ne) aux comptes payables √† Boucherville pour Corporation Jamp Pharma https://t.co/IMGei0pmbo,fr,Canada,,,,Acctjobsca,Mon Jan 14 16:11:07 +0000 2019,0,0,0,False,0,False,
New generic drug approved for JAMP LATANOPROST by JAMP PHARMA CORPORATION #NewNOCAlert #HCApproves,en,,,,,HealthCanadaNOC,Sat Jan 12 03:13:10 +0000 2019,0,0,0,False,0,False,
Technicien(ne) aux comptes payables √† Boucherville pour Corporation Jamp Pharma https://t.co/5wgKGruPms https://t.co/1SvpphPOZX,fr,Canada,,,,Acctjobsca,Wed Jan 09 22:13:32 +0000 2019,0,0,0,False,0,False,
"Eye Drug Market Outlook and Forecasts 2018 to 2025 and Key Players: Pfizer, Novartis, bausch Lomb, Laboratoire Riva, Jamp Pharma, Fresenius, Teva Pharmaceutical`, SANDOZ,¬†Greenstone https://t.co/WfSsbYMCBz https://t.co/Gz4ca27HXq",en,,,,,linkewire,Fri Dec 28 11:16:52 +0000 2018,0,0,0,False,0,False,
"Coordonnateur (trice) aux ventes, division institutionnelle √† Boucherville pour Corporation Jamp Pharma https://t.co/MTacTw6UN1",fr,Canada,,,,salesrepca,Tue Dec 18 05:07:07 +0000 2018,0,0,0,False,0,False,
New generic drug approved for VORICONAZOLE FOR INJECTION by JAMP PHARMA CORPORATION #NewNOCAlert #HCApproves,en,,,,,HealthCanadaNOC,Fri Dec 14 03:54:51 +0000 2018,0,0,0,False,0,False,
New generic drug approved for JAMP CLINDAMYCIN by JAMP PHARMA CORPORATION #NewNOCAlert #HCApproves,en,,,,,HealthCanadaNOC,Wed Dec 12 03:29:35 +0000 2018,0,0,0,False,0,False,
"Coordonnateur (trice) aux ventes, division institutionnelle √† Boucherville pour Corporation Jamp Pharma https://t.co/WQVKhVLQgI https://t.co/ar8sWZnLfW",fr,Canada,,,,salesrepca,Mon Dec 10 11:56:04 +0000 2018,0,0,0,False,0,False,
"Coordonnateur (trice) aux ventes, division institutionnelle √† Boucherville pour Corporation Jamp Pharma https://t.co/uMiQ5lI9kj https://t.co/dGC4FM5Flh",fr,Canada,,,,ADMlNJOBS,Mon Dec 10 00:59:04 +0000 2018,0,0,0,False,0,False,
"Repr√©sentant(e) des ventes - Laval, Lanaudi√®re et Mauricie √† Boucherville pour Corporation Jamp Pharma https://t.co/D9iSmahF4M",fr,Canada,,,,salesrepca,Thu Nov 29 17:22:05 +0000 2018,0,0,0,False,0,False,
"Repr√©sentant(e) des ventes - Laval, Lanaudi√®re et Mauricie √† Boucherville pour Corporation Jamp Pharma https://t.co/VT5j0oBZmF https://t.co/y3GWVof4c4",fr,Canada,,,,pharmajobca,Wed Nov 28 22:12:03 +0000 2018,0,0,0,False,0,False,
"Repr√©sentant(e) des ventes - Laval, Lanaudi√®re et Mauricie √† Boucherville pour Corporation Jamp Pharma https://t.co/owlZJIOTU0 https://t.co/9YKuI6IT85",fr,Canada,,,,salesrepca,Wed Nov 28 21:59:04 +0000 2018,0,0,0,False,0,False,
"@santhujohnny @sravaniSurapane @KTRTRS genesys biologics(bio technology)
Jamp Pharma
Tata-Boeing Aero
Hyundai Mobis
Benelli(Italian motorcycle manufacturing unit)",in,‡∞§‡±Ü‡∞≤‡∞Ç‡∞ó‡∞æ‡∞£,,,,a_karteek,Wed Nov 28 10:21:09 +0000 2018,0,0,0,False,0,False,
Coordonnateur Revue Annuelle des Produits √† Boucherville pour Corporation Jamp Pharma https://t.co/aCJsmQDpnL,fr,Canada,,,,pharmajobca,Wed Nov 21 23:23:09 +0000 2018,0,0,0,False,0,False,
Charg√© de Projet Assurance Qualit√© s√©nior √† Boucherville pour Corporation Jamp Pharma https://t.co/9qifdakjmu,fr,Canada,,,,pharmajobca,Wed Nov 21 23:23:08 +0000 2018,0,0,0,False,0,False,
Associ√©(e) - Affaires r√®glementaires (√âtiquettes) √† Boucherville pour Corporation Jamp Pharma https://t.co/c2IJ3MyBk7,fr,Canada,,,,pharmajobca,Wed Nov 21 23:23:07 +0000 2018,0,0,0,False,0,False,
Superviseur - Affaires r√®glementaires (√âtiquettes) √† Boucherville pour Corporation Jamp Pharma https://t.co/tXuDyAh0iP,fr,Canada,,,,pharmajobca,Wed Nov 21 23:23:05 +0000 2018,0,0,0,False,0,False,
Charg√© de Projet Assurance Qualit√© s√©nior √† Boucherville pour Corporation Jamp Pharma https://t.co/sM7X0GymJz https://t.co/uu0Zba8pmA,fr,Canada,,,,PMjobca,Fri Nov 16 02:12:36 +0000 2018,0,0,0,False,0,False,
Coordonnateur Revue Annuelle des Produits √† Boucherville pour Corporation Jamp Pharma https://t.co/GfWdKOjM23 https://t.co/BBL1jhQeUd,fr,Canada,,,,pharmajobca,Fri Nov 16 00:47:06 +0000 2018,0,0,0,False,0,False,
Charg√© de Projet Assurance Qualit√© s√©nior √† Boucherville pour Corporation Jamp Pharma https://t.co/vhWEhMNkxy https://t.co/KYzCaiOB5M,fr,Canada,,,,pharmajobca,Fri Nov 16 00:47:05 +0000 2018,0,0,0,False,0,False,
Associ√©(e) - Affaires r√®glementaires (√âtiquettes) √† Boucherville pour Corporation Jamp Pharma https://t.co/VXNzByIuDu https://t.co/lU2SJNzCG6,fr,Canada,,,,pharmajobca,Fri Nov 16 00:47:03 +0000 2018,0,0,0,False,0,False,
Superviseur - Affaires r√®glementaires (√âtiquettes) √† Boucherville pour Corporation Jamp Pharma https://t.co/opSAKjHh9M https://t.co/0PHFxDXxx9,fr,Canada,,,,pharmajobca,Fri Nov 16 00:38:04 +0000 2018,0,0,0,False,0,False,
Commis comptes payables √† Boucherville pour Corporation Jamp Pharma https://t.co/qAakzqOyQA https://t.co/eIrzgnoLSU,fr,Canada,,,,Acctjobsca,Fri Nov 16 00:31:03 +0000 2018,0,0,0,False,0,False,
New generic drug approved for JAMP-ZOLEDRONIC ACID by JAMP PHARMA CORPORATION #NewNOCAlert #HCApproves,en,,,,,HealthCanadaNOC,Fri Nov 09 03:08:57 +0000 2018,0,0,0,False,0,False,
New generic drug approved for JAMP-VARDENAFIL IR by JAMP PHARMA CORPORATION #NewNOCAlert #HCApproves,en,,,,,HealthCanadaNOC,Fri Nov 02 03:32:33 +0000 2018,0,0,0,False,0,False,
Adjointe Administrative √† Boucherville pour Corporation Jamp Pharma https://t.co/rpYxDeUvNc https://t.co/8tfbdmkL4m,fr,Canada,,,,ADMlNJOBS,Wed Oct 31 17:04:04 +0000 2018,0,0,0,False,0,False,
Directeur Adjoint - Acc√®s au march√© √† Boucherville pour Corporation Jamp Pharma https://t.co/nAsxC2xXZI https://t.co/k6K2sujitk,fr,Canada,,,,pharmajobca,Wed Oct 31 17:04:02 +0000 2018,0,0,0,False,0,False,
Adjointe Administrative √† Boucherville pour Corporation Jamp Pharma https://t.co/8rvAWllNi1 https://t.co/wj5c6oAlpc,fr,Canada,,,,pharmajobca,Wed Oct 31 16:47:36 +0000 2018,0,0,0,False,0,False,
Secr√©taire - R√©ceptionniste √† Boucherville pour Corporation Jamp Pharma https://t.co/vD1gTjweOP https://t.co/7CvBt9mfkU,fr,Canada,,,,ADMlNJOBS,Wed Oct 31 16:32:03 +0000 2018,0,0,0,False,0,False,
Adjointe Administrative √† Boucherville pour Corporation Jamp Pharma https://t.co/cdF04ZKipQ,fr,Canada,,,,ADMlNJOBS,Wed Oct 31 14:26:36 +0000 2018,0,0,0,False,0,False,
Adjointe Administrative √† Boucherville pour Corporation Jamp Pharma https://t.co/Qq9XDAl3Dv https://t.co/3q87PfVG51,fr,Canada,,,,ADMlNJOBS,Mon Oct 29 20:36:06 +0000 2018,0,0,0,False,0,False,
Technicien aux Comptes Payables √† Boucherville pour Corporation Jamp Pharma https://t.co/KLsDtv6ljv,fr,Canada,,,,Acctjobsca,Wed Oct 17 14:11:05 +0000 2018,0,0,0,False,0,False,
Technicien aux Comptes Payables √† Boucherville pour Corporation Jamp Pharma https://t.co/9jY90ERczl https://t.co/1PYfwf6MHQ,fr,Canada,,,,Acctjobsca,Wed Oct 10 14:13:04 +0000 2018,0,0,0,False,0,False,
Coordonnateur aux ventes - Corporation Jamp Pharma https://t.co/B8OwDayTqf,fr,"Montr√©al, Qu√©bec",,,,Isarta,Sun Oct 07 20:02:00 +0000 2018,0,0,0,False,0,False,
"Delighted to have JAMP Pharma, a Canadian company and a leader in generic pharmaceutical industry, to set up manufacturing facility at @GenomeValley in Hyderabad. Glad meeting with Mr. Louis Pilon, President and CEO of JAMP Pharma in Hyderabad today https://t.co/XL7yDnAp8L",en,,,,,BamuMadvi,Sat Oct 06 16:17:01 +0000 2018,0,0,0,False,1,False,
https://t.co/wMPYgruxJ5,und,"Ontario, Canada",,,,mhaquesbc,Thu Oct 04 16:24:40 +0000 2018,0,0,0,False,0,False,
"Delighted to have JAMP Pharma, a Canadian company and a leader in generic pharmaceutical industry, to set up manufacturing facility at @GenomeValley in Hyderabad. Glad meeting with Mr. Louis Pilon, President and CEO of JAMP Pharma in Hyderabad today https://t.co/XL7yDnAp8L",en,,,,,abhi_ktrs,Tue Oct 02 14:41:44 +0000 2018,0,0,0,False,1,False,
Coordonnateur aux ventes | Corporation Jamp Pharma https://t.co/0aboH0SZgW,fr,"Montr√©al, Qu√©bec",,,,Isarta,Tue Oct 02 01:06:47 +0000 2018,0,0,0,False,0,False,
"Delighted to have JAMP Pharma, a Canadian company and a leader in generic pharmaceutical industry, to set up manufacturing facility at @GenomeValley in Hyderabad. Glad meeting with Mr. Louis Pilon, President and CEO of JAMP Pharma in Hyderabad today https://t.co/XL7yDnAp8L",en,Hyderabad,,,,GenomeValley,Mon Sep 24 05:59:13 +0000 2018,0,0,0,False,1,False,
"Delighted to have JAMP Pharma, a Canadian company and a leader in generic pharmaceutical industry, to set up manufacturing facility at @GenomeValley in Hyderabad. Glad meeting with Mr. Louis Pilon, President and CEO of JAMP Pharma in Hyderabad today https://t.co/XL7yDnAp8L",en,"Hyderabad, India",,,,HyderabadWorld,Fri Sep 07 19:58:56 +0000 2018,0,0,0,False,1,False,
"Delighted to have JAMP Pharma, a Canadian company and a leader in generic pharmaceutical industry, to set up manufacturing facility at @GenomeValley in Hyderabad. Glad meeting with Mr. Louis Pilon, President and CEO of JAMP Pharma in Hyderabad today https://t.co/XL7yDnAp8L",en,telangana Meri Jaanüíó,,,,truelysunil,Fri Sep 07 14:05:50 +0000 2018,0,0,0,False,1,False,
"Delighted to have JAMP Pharma, a Canadian company and a leader in generic pharmaceutical industry, to set up manufacturing facility at @GenomeValley in Hyderabad. Glad meeting with Mr. Louis Pilon, President and CEO of JAMP Pharma in Hyderabad today https://t.co/XL7yDnAp8L",en,"Sarapaka, India",,,,rajugaruudinesh,Fri Sep 07 07:57:02 +0000 2018,0,0,0,False,1,False,
"Delighted to have JAMP Pharma, a Canadian company and a leader in generic pharmaceutical industry, to set up manufacturing facility at @GenomeValley in Hyderabad. Glad meeting with Mr. Louis Pilon, President and CEO of JAMP Pharma in Hyderabad today https://t.co/XL7yDnAp8L",en,"Delhi, India",,,,rupeshsingh2020,Fri Sep 07 05:46:39 +0000 2018,0,0,0,False,1,False,
"Delighted to have JAMP Pharma, a Canadian company and a leader in generic pharmaceutical industry, to set up manufacturing facility at @GenomeValley in Hyderabad. Glad meeting with Mr. Louis Pilon, President and CEO of JAMP Pharma in Hyderabad today https://t.co/XL7yDnAp8L",en,"Hyderabad, India",,,,kishoreBatchu4u,Fri Sep 07 05:42:20 +0000 2018,0,0,0,False,1,False,
"Delighted to have JAMP Pharma, a Canadian company and a leader in generic pharmaceutical industry, to set up manufacturing facility at @GenomeValley in Hyderabad. Glad meeting with Mr. Louis Pilon, President and CEO of JAMP Pharma in Hyderabad today https://t.co/XL7yDnAp8L",en,"Andhra Pradesh, India",,,,RajPurian,Fri Sep 07 05:20:50 +0000 2018,0,0,0,False,1,False,
Canada#39;s JAMP Pharma to set up CoE in Hyderabad.. https://t.co/FZoDmMbO95,en,,,,,sharebossindia,Thu Sep 06 18:28:08 +0000 2018,0,0,0,False,0,False,
"Delighted to have JAMP Pharma, a Canadian company and a leader in generic pharmaceutical industry, to set up manufacturing facility at @GenomeValley in Hyderabad. Glad meeting with Mr. Louis Pilon, President and CEO of JAMP Pharma in Hyderabad today https://t.co/XL7yDnAp8L",en,"Asif Nagar North, Hyderabad",,,,Syedsadat8,Thu Sep 06 17:46:19 +0000 2018,0,0,0,False,1,False,
"Delighted to have JAMP Pharma, a Canadian company and a leader in generic pharmaceutical industry, to set up manufacturing facility at @GenomeValley in Hyderabad. Glad meeting with Mr. Louis Pilon, President and CEO of JAMP Pharma in Hyderabad today https://t.co/XL7yDnAp8L",en,"Hyderabad, India",,,,AbhiDesamuduru,Thu Sep 06 17:44:11 +0000 2018,0,0,0,False,1,False,
"Delighted to have JAMP Pharma, a Canadian company and a leader in generic pharmaceutical industry, to set up manufacturing facility at @GenomeValley in Hyderabad. Glad meeting with Mr. Louis Pilon, President and CEO of JAMP Pharma in Hyderabad today https://t.co/XL7yDnAp8L",en,"Hyderabad, India",,,,sharathjagruthi,Thu Sep 06 17:17:18 +0000 2018,0,0,0,False,1,False,
"Delighted to have JAMP Pharma, a Canadian company and a leader in generic pharmaceutical industry, to set up manufacturing facility at @GenomeValley in Hyderabad. Glad meeting with Mr. Louis Pilon, President and CEO of JAMP Pharma in Hyderabad today https://t.co/XL7yDnAp8L",en,,,,,Bhargav04200287,Thu Sep 06 17:14:14 +0000 2018,0,0,0,False,1,False,
"Delighted to have JAMP Pharma, a Canadian company and a leader in generic pharmaceutical industry, to set up manufacturing facility at @GenomeValley in Hyderabad. Glad meeting with Mr. Louis Pilon, President and CEO of JAMP Pharma in Hyderabad today https://t.co/XL7yDnAp8L",en,India,,,,BayiniSrinivas,Thu Sep 06 16:19:44 +0000 2018,0,0,0,False,1,False,
Canada#39;s JAMP Pharma to set up CoE in Hyderabad https://t.co/bkqYPAqPfg,en,Bangalore,,,,retaillending,Thu Sep 06 16:03:10 +0000 2018,0,0,0,False,0,False,
Canada#39;s JAMP Pharma to set up CoE in Hyderabad https://t.co/RpQNRHJ1Lc,en,"Las Vegas, NV",,,,CrweWorld,Thu Sep 06 16:00:14 +0000 2018,0,0,0,False,0,False,
"Delighted to have JAMP Pharma, a Canadian company and a leader in generic pharmaceutical industry, to set up manufacturing facility at @GenomeValley in Hyderabad. Glad meeting with Mr. Louis Pilon, President and CEO of JAMP Pharma in Hyderabad today https://t.co/XL7yDnAp8L",en,Tadvai-Telangana-India,,,,DyagalaSalendar,Thu Sep 06 15:57:12 +0000 2018,0,0,0,False,1,False,
"Delighted to have JAMP Pharma, a Canadian company and a leader in generic pharmaceutical industry, to set up manufacturing facility at @GenomeValley in Hyderabad. Glad meeting with Mr. Louis Pilon, President and CEO of JAMP Pharma in Hyderabad today https://t.co/XL7yDnAp8L",en,"Hyderabad, India",,,,Swathi76984159,Thu Sep 06 15:23:08 +0000 2018,0,0,0,False,1,False,
"Delighted to have JAMP Pharma, a Canadian company and a leader in generic pharmaceutical industry, to set up manufacturing facility at @GenomeValley in Hyderabad. Glad meeting with Mr. Louis Pilon, President and CEO of JAMP Pharma in Hyderabad today https://t.co/XL7yDnAp8L",en,"Mancherial, India",,,,SrikanthBera2,Thu Sep 06 14:45:00 +0000 2018,0,0,0,False,1,False,
"Delighted to have JAMP Pharma, a Canadian company and a leader in generic pharmaceutical industry, to set up manufacturing facility at @GenomeValley in Hyderabad. Glad meeting with Mr. Louis Pilon, President and CEO of JAMP Pharma in Hyderabad today https://t.co/XL7yDnAp8L",en,United States,,,,ShathiriPruthvi,Thu Sep 06 14:28:18 +0000 2018,0,0,0,False,1,False,
"Delighted to have JAMP Pharma, a Canadian company and a leader in generic pharmaceutical industry, to set up manufacturing facility at @GenomeValley in Hyderabad. Glad meeting with Mr. Louis Pilon, President and CEO of JAMP Pharma in Hyderabad today https://t.co/XL7yDnAp8L",en,"Toronto, Ontario",,,,pokalaabhinav,Thu Sep 06 14:05:15 +0000 2018,0,0,0,False,1,False,
"Delighted to have JAMP Pharma, a Canadian company and a leader in generic pharmaceutical industry, to set up manufacturing facility at @GenomeValley in Hyderabad. Glad meeting with Mr. Louis Pilon, President and CEO of JAMP Pharma in Hyderabad today https://t.co/XL7yDnAp8L",en,"Hyderabad, India",,,,snryuvasena18,Thu Sep 06 13:38:53 +0000 2018,0,0,0,False,1,False,
"Delighted to have JAMP Pharma, a Canadian company and a leader in generic pharmaceutical industry, to set up manufacturing facility at @GenomeValley in Hyderabad. Glad meeting with Mr. Louis Pilon, President and CEO of JAMP Pharma in Hyderabad today https://t.co/XL7yDnAp8L",en,vizag ,,,,prabhas_only_,Thu Sep 06 13:21:43 +0000 2018,0,0,0,False,1,False,
"Delighted to have JAMP Pharma, a Canadian company and a leader in generic pharmaceutical industry, to set up manufacturing facility at @GenomeValley in Hyderabad. Glad meeting with Mr. Louis Pilon, President and CEO of JAMP Pharma in Hyderabad today https://t.co/XL7yDnAp8L",en,"Hyderabad , India",,,,pradeeppenumadu,Thu Sep 06 13:11:02 +0000 2018,0,0,0,False,1,False,
"Delighted to have JAMP Pharma, a Canadian company and a leader in generic pharmaceutical industry, to set up manufacturing facility at @GenomeValley in Hyderabad. Glad meeting with Mr. Louis Pilon, President and CEO of JAMP Pharma in Hyderabad today https://t.co/XL7yDnAp8L",en,hyderabad,,,,bharath_gona,Thu Sep 06 12:58:28 +0000 2018,0,0,0,False,1,False,
"Delighted to have JAMP Pharma, a Canadian company and a leader in generic pharmaceutical industry, to set up manufacturing facility at @GenomeValley in Hyderabad. Glad meeting with Mr. Louis Pilon, President and CEO of JAMP Pharma in Hyderabad today https://t.co/XL7yDnAp8L",en,"Karimnagar, India",,,,prince_mani7,Thu Sep 06 12:55:14 +0000 2018,0,0,0,False,1,False,
"Delighted to have JAMP Pharma, a Canadian company and a leader in generic pharmaceutical industry, to set up manufacturing facility at @GenomeValley in Hyderabad. Glad meeting with Mr. Louis Pilon, President and CEO of JAMP Pharma in Hyderabad today https://t.co/XL7yDnAp8L",en,"Hyderabad, India",,,,KTR_News,Thu Sep 06 12:53:50 +0000 2018,0,0,0,False,1,False,
"Delighted to have JAMP Pharma, a Canadian company and a leader in generic pharmaceutical industry, to set up manufacturing facility at @GenomeValley in Hyderabad. Glad meeting with Mr. Louis Pilon, President and CEO of JAMP Pharma in Hyderabad today https://t.co/XL7yDnAp8L",en,"Chirala, India",,,,SrigiriSri,Thu Sep 06 12:53:02 +0000 2018,0,0,0,False,1,False,
"Delighted to have JAMP Pharma, a Canadian company and a leader in generic pharmaceutical industry, to set up manufacturing facility at @GenomeValley in Hyderabad. Glad meeting with Mr. Louis Pilon, President and CEO of JAMP Pharma in Hyderabad today https://t.co/XL7yDnAp8L",en,"Hyderabad, India",,,,ShakthiNagappan,Thu Sep 06 12:47:11 +0000 2018,0,0,0,False,1,False,
"Delighted to have JAMP Pharma, a Canadian company and a leader in generic pharmaceutical industry, to set up manufacturing facility at @GenomeValley in Hyderabad. Glad meeting with Mr. Louis Pilon, President and CEO of JAMP Pharma in Hyderabad today https://t.co/XL7yDnAp8L",en,"Hyderabad, India",,,,saisaikumar01,Thu Sep 06 12:44:24 +0000 2018,0,0,0,False,1,False,
"Delighted to have JAMP Pharma, a Canadian company and a leader in generic pharmaceutical industry, to set up manufacturing facility at @GenomeValley in Hyderabad. Glad meeting with Mr. Louis Pilon, President and CEO of JAMP Pharma in Hyderabad today https://t.co/XL7yDnAp8L",en,"Hyderabad, India",,,,Hydbeatdotcom,Thu Sep 06 12:30:57 +0000 2018,0,0,0,False,1,False,
"Delighted to have JAMP Pharma, a Canadian company and a leader in generic pharmaceutical industry, to set up manufacturing facility at @GenomeValley in Hyderabad. Glad meeting with Mr. Louis Pilon, President and CEO of JAMP Pharma in Hyderabad today https://t.co/XL7yDnAp8L",en,"Hyderabad, India",,,,nikhilreddy0198,Thu Sep 06 12:29:10 +0000 2018,0,0,0,False,1,False,
"Delighted to have JAMP Pharma, a Canadian company and a leader in generic pharmaceutical industry, to set up manufacturing facility at @GenomeValley in Hyderabad. Glad meeting with Mr. Louis Pilon, President and CEO of JAMP Pharma in Hyderabad today https://t.co/XL7yDnAp8L",en,,,,,am_Nads,Thu Sep 06 12:26:40 +0000 2018,0,0,0,False,1,False,
"Delighted to have JAMP Pharma, a Canadian company and a leader in generic pharmaceutical industry, to set up manufacturing facility at @GenomeValley in Hyderabad. Glad meeting with Mr. Louis Pilon, President and CEO of JAMP Pharma in Hyderabad today https://t.co/XL7yDnAp8L",en, India,,,,BanalaSrinivas7,Thu Sep 06 12:23:10 +0000 2018,0,0,0,False,1,False,
"Delighted to have JAMP Pharma, a Canadian company and a leader in generic pharmaceutical industry, to set up manufacturing facility at @GenomeValley in Hyderabad. Glad meeting with Mr. Louis Pilon, President and CEO of JAMP Pharma in Hyderabad today https://t.co/XL7yDnAp8L",en,india( Telangana),,,,BharathPawanis6,Thu Sep 06 12:11:45 +0000 2018,0,0,0,False,1,False,
"Delighted to have JAMP Pharma, a Canadian company and a leader in generic pharmaceutical industry, to set up manufacturing facility at @GenomeValley in Hyderabad. Glad meeting with Mr. Louis Pilon, President and CEO of JAMP Pharma in Hyderabad today https://t.co/XL7yDnAp8L",en, Hyderabad | Telangana ,,,,truckdocklog,Thu Sep 06 11:52:37 +0000 2018,0,0,0,False,1,False,
"Delighted to have JAMP Pharma, a Canadian company and a leader in generic pharmaceutical industry, to set up manufacturing facility at @GenomeValley in Hyderabad. Glad meeting with Mr. Louis Pilon, President and CEO of JAMP Pharma in Hyderabad today https://t.co/XL7yDnAp8L",en,"Karimnagar, India",,,,RamuDanduboina,Thu Sep 06 11:49:33 +0000 2018,0,0,0,False,1,False,
"Delighted to have JAMP Pharma, a Canadian company and a leader in generic pharmaceutical industry, to set up manufacturing facility at @GenomeValley in Hyderabad. Glad meeting with Mr. Louis Pilon, President and CEO of JAMP Pharma in Hyderabad today https://t.co/XL7yDnAp8L",en,"Hyderabad, India",,,,Ursbadmahi_325,Thu Sep 06 11:47:23 +0000 2018,0,0,0,False,1,False,
"Delighted to have JAMP Pharma, a Canadian company and a leader in generic pharmaceutical industry, to set up manufacturing facility at @GenomeValley in Hyderabad. Glad meeting with Mr. Louis Pilon, President and CEO of JAMP Pharma in Hyderabad today https://t.co/XL7yDnAp8L",en,"Banjara Hills, Hyderabad",,,,MudemN,Thu Sep 06 11:44:32 +0000 2018,0,0,0,False,1,False,
"Delighted to have JAMP Pharma, a Canadian company and a leader in generic pharmaceutical industry, to set up manufacturing facility at @GenomeValley in Hyderabad. Glad meeting with Mr. Louis Pilon, President and CEO of JAMP Pharma in Hyderabad today https://t.co/XL7yDnAp8L",en,India,,,,bobbyrebel26,Thu Sep 06 11:42:19 +0000 2018,0,0,0,False,1,False,
"Delighted to have JAMP Pharma, a Canadian company and a leader in generic pharmaceutical industry, to set up manufacturing facility at @GenomeValley in Hyderabad. Glad meeting with Mr. Louis Pilon, President and CEO of JAMP Pharma in Hyderabad today https://t.co/XL7yDnAp8L",en,Markapur,,,,Amarnadhreddy14,Thu Sep 06 11:35:47 +0000 2018,0,0,0,False,1,False,
"Delighted to have JAMP Pharma, a Canadian company and a leader in generic pharmaceutical industry, to set up manufacturing facility at @GenomeValley in Hyderabad. Glad meeting with Mr. Louis Pilon, President and CEO of JAMP Pharma in Hyderabad today https://t.co/XL7yDnAp8L",en,,,,,Vishalr37822604,Thu Sep 06 11:35:07 +0000 2018,0,0,0,False,1,False,
"Delighted to have JAMP Pharma, a Canadian company and a leader in generic pharmaceutical industry, to set up manufacturing facility at @GenomeValley in Hyderabad. Glad meeting with Mr. Louis Pilon, President and CEO of JAMP Pharma in Hyderabad today https://t.co/XL7yDnAp8L",en,,,,,anurag_kedas,Thu Sep 06 11:32:34 +0000 2018,0,0,0,False,1,False,
"Delighted to have JAMP Pharma, a Canadian company and a leader in generic pharmaceutical industry, to set up manufacturing facility at @GenomeValley in Hyderabad. Glad meeting with Mr. Louis Pilon, President and CEO of JAMP Pharma in Hyderabad today https://t.co/XL7yDnAp8L",en,"Hyderabad, India",,,,dandu_prabhu,Thu Sep 06 11:30:56 +0000 2018,0,0,0,False,1,False,
"Delighted to have JAMP Pharma, a Canadian company and a leader in generic pharmaceutical industry, to set up manufacturing facility at @GenomeValley in Hyderabad. Glad meeting with Mr. Louis Pilon, President and CEO of JAMP Pharma in Hyderabad today https://t.co/XL7yDnAp8L",en,Mandamarri// HYD,,,,KaleemTRS,Thu Sep 06 11:26:15 +0000 2018,0,0,0,False,1,False,
"Delighted to have JAMP Pharma, a Canadian company and a leader in generic pharmaceutical industry, to set up manufacturing facility at @GenomeValley in Hyderabad. Glad meeting with Mr. Louis Pilon, President and CEO of JAMP Pharma in Hyderabad today https://t.co/XL7yDnAp8L",en,"Hyderabad, Telangana",,,,BTR_KTR,Thu Sep 06 11:25:28 +0000 2018,0,0,0,False,1,False,
"Delighted to have JAMP Pharma, a Canadian company and a leader in generic pharmaceutical industry, to set up manufacturing facility at @GenomeValley in Hyderabad. Glad meeting with Mr. Louis Pilon, President and CEO of JAMP Pharma in Hyderabad today https://t.co/XL7yDnAp8L",en,Hyderabad,,,,RajeshChinnam,Thu Sep 06 11:23:32 +0000 2018,0,0,0,False,1,False,
"Delighted to have JAMP Pharma, a Canadian company and a leader in generic pharmaceutical industry, to set up manufacturing facility at @GenomeValley in Hyderabad. Glad meeting with Mr. Louis Pilon, President and CEO of JAMP Pharma in Hyderabad today https://t.co/XL7yDnAp8L",en,"Hyderabad, India",,,,uppalafoundati1,Thu Sep 06 11:23:08 +0000 2018,0,0,0,False,1,False,
"Delighted to have JAMP Pharma, a Canadian company and a leader in generic pharmaceutical industry, to set up manufacturing facility at @GenomeValley in Hyderabad. Glad meeting with Mr. Louis Pilon, President and CEO of JAMP Pharma in Hyderabad today https://t.co/XL7yDnAp8L",en,,,,,ranareddyk,Thu Sep 06 11:21:02 +0000 2018,0,0,0,False,1,False,
"Delighted to have JAMP Pharma, a Canadian company and a leader in generic pharmaceutical industry, to set up manufacturing facility at @GenomeValley in Hyderabad. Glad meeting with Mr. Louis Pilon, President and CEO of JAMP Pharma in Hyderabad today https://t.co/XL7yDnAp8L",en,ODELA,,,,imanjivarma,Thu Sep 06 11:18:39 +0000 2018,0,0,0,False,1,False,
"Delighted to have JAMP Pharma, a Canadian company and a leader in generic pharmaceutical industry, to set up manufacturing facility at @GenomeValley in Hyderabad. Glad meeting with Mr. Louis Pilon, President and CEO of JAMP Pharma in Hyderabad today https://t.co/XL7yDnAp8L",en,,,,,i_anilkumar,Thu Sep 06 11:16:23 +0000 2018,0,0,0,False,1,False,
"Delighted to have JAMP Pharma, a Canadian company and a leader in generic pharmaceutical industry, to set up manufacturing facility at @GenomeValley in Hyderabad. Glad meeting with Mr. Louis Pilon, President and CEO of JAMP Pharma in Hyderabad today https://t.co/XL7yDnAp8L",en,PKMKB / CKMKB Harvard ,,,,BhakthLokesh,Thu Sep 06 11:10:01 +0000 2018,0,0,0,False,1,False,
"Delighted to have JAMP Pharma, a Canadian company and a leader in generic pharmaceutical industry, to set up manufacturing facility at @GenomeValley in Hyderabad. Glad meeting with Mr. Louis Pilon, President and CEO of JAMP Pharma in Hyderabad today https://t.co/XL7yDnAp8L",en,,,,,bangaruTel,Thu Sep 06 11:03:09 +0000 2018,0,0,0,False,1,False,
"Delighted to have JAMP Pharma, a Canadian company and a leader in generic pharmaceutical industry, to set up manufacturing facility at @GenomeValley in Hyderabad. Glad meeting with Mr. Louis Pilon, President and CEO of JAMP Pharma in Hyderabad today https://t.co/XL7yDnAp8L",en,"Hyderabad, India",,,,VidyasagarVema,Thu Sep 06 10:57:20 +0000 2018,0,0,0,False,1,False,
"RT MinIT_Telangana ""RT KTRTRS: Delighted to have JAMP Pharma, a Canadian company and a leader in generic pharmaceutical industry, to set up manufacturing facility at GenomeValley in Hyderabad. Glad meeting with Mr. Louis Pilon, President and CEO of J‚Ä¶ https://t.co/YbQjtxGwHf""",en,Hyderabad ,,,,telanganafacts,Thu Sep 06 10:56:05 +0000 2018,0,0,0,False,0,False,
"Delighted to have JAMP Pharma, a Canadian company and a leader in generic pharmaceutical industry, to set up manufacturing facility at @GenomeValley in Hyderabad. Glad meeting with Mr. Louis Pilon, President and CEO of JAMP Pharma in Hyderabad today https://t.co/XL7yDnAp8L",en,"Hounslow, London",,,,NKB_TRS,Thu Sep 06 10:55:01 +0000 2018,0,0,0,False,1,False,
"Delighted to have JAMP Pharma, a Canadian company and a leader in generic pharmaceutical industry, to set up manufacturing facility at @GenomeValley in Hyderabad. Glad meeting with Mr. Louis Pilon, President and CEO of JAMP Pharma in Hyderabad today https://t.co/XL7yDnAp8L",en,"Hyderabad, India",,,,HiHyderabad,Thu Sep 06 10:53:43 +0000 2018,0,0,0,False,1,False,
"Delighted to have JAMP Pharma, a Canadian company and a leader in generic pharmaceutical industry, to set up manufacturing facility at @GenomeValley in Hyderabad. Glad meeting with Mr. Louis Pilon, President and CEO of JAMP Pharma in Hyderabad today https://t.co/XL7yDnAp8L",en,,,,,kasyap100,Thu Sep 06 10:52:42 +0000 2018,0,0,0,False,1,False,
"Delighted to have JAMP Pharma, a Canadian company and a leader in generic pharmaceutical industry, to set up manufacturing facility at @GenomeValley in Hyderabad. Glad meeting with Mr. Louis Pilon, President and CEO of JAMP Pharma in Hyderabad today https://t.co/XL7yDnAp8L",en,Hyderabad,,,,Pradeep_sp92fan,Thu Sep 06 10:52:19 +0000 2018,0,0,0,False,1,False,
"Delighted to have JAMP Pharma, a Canadian company and a leader in generic pharmaceutical industry, to set up manufacturing facility at @GenomeValley in Hyderabad. Glad meeting with Mr. Louis Pilon, President and CEO of JAMP Pharma in Hyderabad today https://t.co/XL7yDnAp8L",en,Hyderabad,,,,Vardhavelly,Thu Sep 06 10:52:09 +0000 2018,0,0,0,False,1,False,
"Delighted to have JAMP Pharma, a Canadian company and a leader in generic pharmaceutical industry, to set up manufacturing facility at @GenomeValley in Hyderabad. Glad meeting with Mr. Louis Pilon, President and CEO of JAMP Pharma in Hyderabad today https://t.co/XL7yDnAp8L",en,"Warangal-Hamamkonda, India",,,,nareshrasamall1,Thu Sep 06 10:52:07 +0000 2018,0,0,0,False,1,False,
"Delighted to have JAMP Pharma, a Canadian company and a leader in generic pharmaceutical industry, to set up manufacturing facility at @GenomeValley in Hyderabad. Glad meeting with Mr. Louis Pilon, President and CEO of JAMP Pharma in Hyderabad today https://t.co/XL7yDnAp8L",en,"Hyderabad, Telangana",,,,MinisterKTR,Thu Sep 06 10:51:58 +0000 2018,0,0,0,False,1,False,
"Delighted to have JAMP Pharma, a Canadian company and a leader in generic pharmaceutical industry, to set up manufacturing facility at @GenomeValley in Hyderabad. Glad meeting with Mr. Louis Pilon, President and CEO of JAMP Pharma in Hyderabad today https://t.co/XL7yDnAp8L",en,"Hyderabad, India",,,,vmudideni,Thu Sep 06 10:51:42 +0000 2018,0,0,0,False,1,False,
"RT KTRTRS ""Delighted to have JAMP Pharma, a Canadian company and a leader in generic pharmaceutical industry, to set up manufacturing facility at GenomeValley in Hyderabad. Glad meeting with Mr. Louis Pilon, President and CEO of JAMP Pharma in Hydera‚Ä¶ https://t.co/YbQjtxGwHf""",en,Hyderabad ,,,,telanganafacts,Thu Sep 06 10:50:39 +0000 2018,0,0,0,False,0,False,
"Delighted to have JAMP Pharma, a Canadian company and a leader in generic pharmaceutical industry, to set up manufacturing facility at @GenomeValley in Hyderabad. Glad meeting with Mr. Louis Pilon, President and CEO of JAMP Pharma in Hyderabad today https://t.co/XL7yDnAp8L",en,‡§≠‡§æ‡§∞‡§§,,,,TMAHESHKUMAR19,Thu Sep 06 10:50:18 +0000 2018,0,0,0,False,1,False,
"Delighted to have JAMP Pharma, a Canadian company and a leader in generic pharmaceutical industry, to set up manufacturing facility at @GenomeValley in Hyderabad. Glad meeting with Mr. Louis Pilon, President and CEO of JAMP Pharma in Hyderabad today https://t.co/XL7yDnAp8L",en,"Hyderabad, Telangana India.",,,,swachhhyd,Thu Sep 06 10:49:59 +0000 2018,0,0,0,False,1,False,
"Delighted to have JAMP Pharma, a Canadian company and a leader in generic pharmaceutical industry, to set up manufacturing facility at @GenomeValley in Hyderabad. Glad meeting with Mr. Louis Pilon, President and CEO of JAMP Pharma in Hyderabad today https://t.co/XL7yDnAp8L",en,"Chennai, India",,,,sang1983,Thu Sep 06 10:49:39 +0000 2018,0,0,0,False,1,False,
"Delighted to have JAMP Pharma, a Canadian company and a leader in generic pharmaceutical industry, to set up manufacturing facility at @GenomeValley in Hyderabad. Glad meeting with Mr. Louis Pilon, President and CEO of JAMP Pharma in Hyderabad today https://t.co/XL7yDnAp8L",en,"Hyderabad,Telangana",,,,Vish_Hyd,Thu Sep 06 10:49:34 +0000 2018,0,0,0,False,1,False,
"Delighted to have JAMP Pharma, a Canadian company and a leader in generic pharmaceutical industry, to set up manufacturing facility at @GenomeValley in Hyderabad. Glad meeting with Mr. Louis Pilon, President and CEO of JAMP Pharma in Hyderabad today https://t.co/XL7yDnAp8L",en,Oman,,,,AbudulRasheed6,Thu Sep 06 10:49:04 +0000 2018,0,0,0,False,1,False,
"Delighted to have JAMP Pharma, a Canadian company and a leader in generic pharmaceutical industry, to set up manufacturing facility at @GenomeValley in Hyderabad. Glad meeting with Mr. Louis Pilon, President and CEO of JAMP Pharma in Hyderabad today https://t.co/XL7yDnAp8L",en,Telangan,,,,TrsPraveen,Thu Sep 06 10:48:54 +0000 2018,0,0,0,False,1,False,
"Delighted to have JAMP Pharma, a Canadian company and a leader in generic pharmaceutical industry, to set up manufacturing facility at @GenomeValley in Hyderabad. Glad meeting with Mr. Louis Pilon, President and CEO of JAMP Pharma in Hyderabad today https://t.co/XL7yDnAp8L",en,"Hyderabad, India",,,,harrywatt69,Thu Sep 06 10:48:46 +0000 2018,0,0,0,False,1,False,
"Delighted to have JAMP Pharma, a Canadian company and a leader in generic pharmaceutical industry, to set up manufacturing facility at @GenomeValley in Hyderabad. Glad meeting with Mr. Louis Pilon, President and CEO of JAMP Pharma in Hyderabad today https://t.co/XL7yDnAp8L",en,"Hyderabad, Telangana",,,,KTRTRS,Thu Sep 06 10:48:30 +0000 2018,4,42,75,False,0,False,
"Mr. Louis Pilon, President and CEO of JAMP Pharma formally met minister #KTR at Camp Office before laying foundation stone for their manufacturing facility at #GenomeValley in Hyderabad today. #ShakthiNagappan, Director for Life Sciences also participated in the meeting. https://t.co/wtXvmcyrTe",en,"Hyderabad, India",,,,NH9NEWS,Thu Sep 06 09:10:08 +0000 2018,0,0,0,False,0,False,
"RT MinIT_Telangana ""JAMP Pharma is a Canadian company, and a leader in generic pharmaceutical industry, provides diversified products from high volume prescriptions to a complete array of calciums, injectable molecules and topical products. 2/2""",en,Hyderabad ,,,,telanganafacts,Thu Sep 06 09:06:14 +0000 2018,0,0,0,False,0,False,
"RT MinIT_Telangana ""Mr. Louis Pilon, President and CEO of JAMP Pharma formally met minister KTRTRS at Camp Office before laying foundation stone for their manufacturing facility at GenomeValley in Hyderabad today. ShakthiNagappan, Director for Life S‚Ä¶ https://t.co/mNYTHbSGfV""",en,Hyderabad ,,,,telanganafacts,Thu Sep 06 09:06:13 +0000 2018,0,0,0,False,0,False,
New generic drug approved for JAMP-TENOFOVIR by JAMP PHARMA CORPORATION #NewNOCAlert #HCApproves,en,,,,,HealthCanadaNOC,Thu Jul 26 02:01:47 +0000 2018,0,0,0,False,0,False,
New generic drug approved for JAMP QUETIAPINE FUMARATE by JAMP PHARMA CORPORATION #NewNOCAlert #HCApproves,en,,,,,HealthCanadaNOC,Wed Jul 25 02:12:56 +0000 2018,0,0,0,False,0,False,
ÿ¥ÿ±ŸÉÿ© ŸÉŸÜÿØŸäÿ© ŸÑÿµŸÜÿπ ÿßŸÑÿ£ÿØŸàŸäÿ© ÿ™ÿØÿπŸâ Jamp pharma ÿßÿ±ÿ™ŸÉÿ®ÿ™ ÿÆÿ∑ÿ£ ŸÅŸä ÿßÿ≠ÿØ ÿßŸÑÿßÿØŸàŸäÿ© ÿßŸÑŸÖÿ≥ÿ™ÿπŸÖŸÑÿ© ŸÅŸä ÿ™ÿ≠ÿßŸÑŸäŸÑ ÿßŸÑŸÉÿ¥ŸÅ ÿπŸÜ ÿßŸÑÿ≥ŸÉÿ±Ÿä (Jamp-glucose 50 et 75)ÿå ÿ≠Ÿäÿ´ ÿ™ÿ±ŸÉŸäÿ≤ ÿßŸÑÿ∫ŸÑŸàŸÉŸàÿ≤ ŸÅŸä ÿßŸÑÿØŸàÿßÿ° ÿßŸÇŸÑ ŸÖŸÜ ŸÖÿßŸáŸà ŸÖŸÉÿ™Ÿàÿ® ÿπŸÑŸâ ÿßŸÑÿπÿ®Ÿàÿ©ÿå ŸÖŸÖÿß ŸÇÿØ Ÿäÿ™ÿ≥ÿ®ÿ® ŸÅŸä ÿßÿπÿ∑ÿßÿ°... https://t.co/WFPSCJjWrD,ar,Canada,,,,TARACHE_Jimi,Mon Jul 09 02:05:45 +0000 2018,0,0,0,False,0,False,
